"id","title","author","label","URL"
"0","Chief","Eric Church","country","https://en.wikipedia.org/wiki/Chief_(album)"
"1","Stand By Your Man","Tammy Wynette","country","https://en.wikipedia.org/wiki/Stand_by_Your_Man_(album)"
"2","American III: Solitary Man","Johnny Cash","country","https://en.wikipedia.org/wiki/American_III:_Solitary_Man"
"3","Golden Ring","Tammy Wynette and George Jones","country","https://en.wikipedia.org/wiki/Golden_Ring_(album)"
"4","The Woman In Me","Shania Twain","country","https://en.wikipedia.org/wiki/The_Woman_in_Me_(Shania_Twain_album)"
"5","Breathe","Faith Hill","country","https://en.wikipedia.org/wiki/Breathe_(Faith_Hill_album)"
"6","Guitars, Cadillacs, Etc., Etc.","Dwight Yoakam","country","https://en.wikipedia.org/wiki/Guitars,_Cadillacs,_Etc.,_Etc."
"7","Unchained","Johnny Cash","country","https://en.wikipedia.org/wiki/Unchained_(Johnny_Cash_album)"
"8","Some Hearts","Carrie Underwood","country","https://en.wikipedia.org/wiki/Some_Hearts"
"9","Red Dirt Girl","Emmylou Harris","country","https://en.wikipedia.org/wiki/Red_Dirt_Girl"
"10","Seven Year Ache","Rosanne Cash","country","https://en.wikipedia.org/wiki/Seven_Year_Ache"
"11","Home","Dixie Chicks","country","https://en.wikipedia.org/wiki/Home_(Dixie_Chicks_album)"
"12","When Love Finds You","Vince Gill","country","https://en.wikipedia.org/wiki/When_Love_Finds_You"
"13","Grievous Angel","Gram Parsons","country","https://en.wikipedia.org/wiki/Grievous_Angel"
"14","Little Sparrow","Dolly Parton","country","https://en.wikipedia.org/wiki/Little_Sparrow"
"15","Fearless","Taylor Swift","country","https://en.wikipedia.org/wiki/Fearless_(Taylor_Swift_album)"
"16","Come On Over","Shania Twain","country","https://en.wikipedia.org/wiki/Come_On_Over"
"17","Trio","Dolly Parton, Linda Ronstadt, Emmylou Harris","country","https://en.wikipedia.org/wiki/Trio_(1987_album)"
"18","Alison Krauss & Union Station Live","Alison Krauss & Union Station","country","https://en.wikipedia.org/wiki/Live_(Alison_Krauss_album)"
"19","For My Broken Heart","Reba McEntire","country","https://en.wikipedia.org/wiki/For_My_Broken_Heart"
"20","Moody Blue","Elvis Presley","country","https://en.wikipedia.org/wiki/Moody_Blue"
"21","Strangers","Merle Haggard","country","https://en.wikipedia.org/wiki/Strangers_(Merle_Haggard_album)"
"22","Buck Owens Sings Harlan Howard","Buck Owens","country","https://en.wikipedia.org/wiki/Buck_Owens_Sings_Harlan_Howard"
"23","Sentimentally Yours","Patsy Cline","country","https://en.wikipedia.org/wiki/Sentimentally_Yours"
"24","At Folsom Prison","Johnny Cash","country","https://en.wikipedia.org/wiki/At_Folsom_Prison"
"25","Complete Live At San Quentin","Johnny Cash","country","https://en.wikipedia.org/wiki/At_San_Quentin"
"26","Coat Of Many Colors","Dolly Parton","country","https://en.wikipedia.org/wiki/Coat_of_Many_Colors"
"27","Modern Sounds In Country And Western Music","Ray Charles","country","https://en.wikipedia.org/wiki/Modern_Sounds_in_Country_and_Western_Music"
"28","Red Headed Stranger","Willie Nelson","country","https://en.wikipedia.org/wiki/Red_Headed_Stranger"
"29","Will the Circle Be Unbroken","Nitty Gritty Dirt Band","country","https://en.wikipedia.org/wiki/Will_the_Circle_be_Unbroken_(Nitty_Gritty_Dirt_Band_album)"
"30","Honky Tonk Heroes","Waylon Jennings","country","https://en.wikipedia.org/wiki/Honky_Tonk_Heroes"
"31","Showcase","Patsy Cline","country","https://en.wikipedia.org/wiki/Showcase_(Patsy_Cline_album)"
"32","Roses In The Snow","Emmylou Harris","country","https://en.wikipedia.org/wiki/Roses_in_the_Snow"
"33","Pieces of the Sky","Emmylou Harris","country","https://en.wikipedia.org/wiki/Pieces_of_the_Sky"
"34","Big City","Merle Haggard","country","https://en.wikipedia.org/wiki/Big_City_(Merle_Haggard_album)"
"35","No Fences","Garth Brooks","country","https://en.wikipedia.org/wiki/No_Fences"
"36","American Recordings","Johnny Cash","country","https://en.wikipedia.org/wiki/American_Recordings_(album)"
"37","I Am What I Am","George Jones","country","https://en.wikipedia.org/wiki/I_Am_What_I_Am_(George_Jones_album)"
"38","The Grass Is Blue","Dolly Parton","country","https://en.wikipedia.org/wiki/The_Grass_Is_Blue"
"39","The Ramblin Man","Waylon Jennings","country","https://en.wikipedia.org/wiki/The_Ramblin%27_Man"
"40","Blood, Sweat, and Tears","Johnny Cash","country","https://en.wikipedia.org/wiki/Blood,_Sweat_and_Tears_(album)"
"41","Storms Of Life","Randy Travis","country","https://en.wikipedia.org/wiki/Storms_of_Life"
"42","Joshua","Dolly Parton","country","https://en.wikipedia.org/wiki/Joshua_(album)"
"43","San Antonio Rose","Willie Nelson & Ray Price","country","https://en.wikipedia.org/wiki/San_Antonio_Rose_(album)"
"44","Coal Miners Daughter","Loretta Lynn","country","https://en.wikipedia.org/wiki/Coal_Miner%27s_Daughter_(album)"
"45","Gamblin Man","Kenny Rogers","country","https://en.wikipedia.org/wiki/The_Gambler_(album)"
"46","Nickel Creek","Nickel Creek","country","https://en.wikipedia.org/wiki/Nickel_Creek_(album)"
"47","Blue","Leann Rimes","country","https://en.wikipedia.org/wiki/Blue_(LeAnn_Rimes_album)"
"48","Honky Tonk Angels","Dolly Parton, Loretta Lynn, Tammy Wynette","country","https://en.wikipedia.org/wiki/Honky_Tonk_Angels"
"49","Highwaymen","The Highwaymen","country","https://en.wikipedia.org/wiki/Highwayman_(The_Highwaymen_album)"
"50","O Brother Where Art Thou","Original Soundtrack (Various)","country","https://en.wikipedia.org/wiki/O_Brother,_Where_Art_Thou%3F_(soundtrack)"
"51","Traveller","Chris Stapleton","country","https://en.wikipedia.org/wiki/Traveller_(Chris_Stapleton_album)"
"52","All I Want","Tim McGraw","country","https://en.wikipedia.org/wiki/All_I_Want_(Tim_McGraw_album)"
"53","Van Lear Rose","Loretta Lynn","country","https://en.wikipedia.org/wiki/Van_Lear_Rose"
"54","Hag","Merle Haggard","country","https://en.wikipedia.org/wiki/Hag_(album)"
"55","Time Well Wasted","Brad Paisley","country","https://en.wikipedia.org/wiki/Time_Well_Wasted"
"56","Bluegrass Rules!","Ricky Skaggs","country","https://en.wikipedia.org/wiki/Bluegrass_Rules!"
"57","Strait Country","George Strait","country","https://en.wikipedia.org/wiki/Strait_Country"
"58","King's Record Shop","Rosanne Cash","country","https://en.wikipedia.org/wiki/King%27s_Record_Shop"
"59","Faith","Faith Hill","country","https://en.wikipedia.org/wiki/Faith_(Faith_Hill_album)"
"60","Same Trailer Different Park","Kacey Musgraves","country","https://en.wikipedia.org/wiki/Same_Trailer_Different_Park"
"61","Alot About Living (And A Little About Love)","Alan Jackson","country","https://en.wikipedia.org/wiki/A_Lot_About_Livin%27_(And_a_Little_%27bout_Love)"
"62","Diamonds & Dirt","Rodney Crowell","country","https://en.wikipedia.org/wiki/Diamonds_%26_Dirt"
"63","Revolution","Miranda Lambert ","country","https://en.wikipedia.org/wiki/Revolution_(Miranda_Lambert_album)"
"64","Shadowland","k.d. lang","country","https://en.wikipedia.org/wiki/Shadowland_(k.d._lang_album)"
"65","TNT","Tanya Tucker","country","https://en.wikipedia.org/wiki/TNT_(Tanya_Tucker_album)"
"66","Come On Come On","Mary Chapin Carpenter","country","https://en.wikipedia.org/wiki/Come_On_Come_On"
"67","Everybody Knows","Trisha Yearwood","country","https://en.wikipedia.org/wiki/Everybody_Knows_(Trisha_Yearwood_album)"
"68","Wide Open Spaces","Dixie Chicks","country","https://en.wikipedia.org/wiki/Wide_Open_Spaces"
"69","Rhinestone Cowboy","Glen Campbell","country","https://en.wikipedia.org/wiki/Rhinestone_Cowboy_(album)"
"70","American IV: When the Man Comes Around","Johnny Cash","country","https://en.wikipedia.org/wiki/American_IV:_The_Man_Comes_Around"
"71","Mountain Music","Alabama","country","https://en.wikipedia.org/wiki/Mountain_Music_(album)"
"72","Hello, I'm Johnny Cash","Johnny Cash","country","https://en.wikipedia.org/wiki/Hello,_I%27m_Johnny_Cash"
"73","Pontiac","Lyle Lovett","country","https://en.wikipedia.org/wiki/Pontiac_(album)"
"74","Always on My Mind","Willie Nelson","country","https://en.wikipedia.org/wiki/Always_on_My_Mind_(Willie_Nelson_album)"
"75","Blue Clear Sky","George Strait","country","https://en.wikipedia.org/wiki/Blue_Clear_Sky"
"76","Did I Shave My Legs For This","Deanna Carter","country","https://en.wikipedia.org/wiki/Did_I_Shave_My_Legs_for_This%3F"
"77","Killin' Time","Clint Black","country","https://en.wikipedia.org/wiki/Killin%27_Time_(Clint_Black_album)"
"78","Hello Darlin'","Conway Twitty","country","https://en.wikipedia.org/wiki/Hello_Darlin%27_(song)"
"79","Always & Forever","Randy Travis","country","https://en.wikipedia.org/wiki/Always_%26_Forever_(Randy_Travis_album)"
"80","Mountain Soul","Patty Loveless","country","https://en.wikipedia.org/wiki/Mountain_Soul"
"81","Revival","Gillian Welch","country","https://en.wikipedia.org/wiki/Revival_(Gillian_Welch_album)"
"82","Why Not Me","The Judds","country","https://en.wikipedia.org/wiki/Why_Not_Me_(album)"
"83","Songs My Father Left Me","Hank Williams Jr.","country","https://en.wikipedia.org/wiki/Songs_My_Father_Left_Me"
"84","D-I-V-O-R-C-E","Tammy Wynette","country","https://en.wikipedia.org/wiki/D-I-V-O-R-C-E_(album)"
"85","Halos & Horns","Dolly Parton","country","https://en.wikipedia.org/wiki/Halos_%26_Horns"
"86","In Pieces","Garth Brooks","country","https://en.wikipedia.org/wiki/In_Pieces"
"87","Need You Now","Lady Antebellum","country","https://en.wikipedia.org/wiki/Need_You_Now_(Lady_Antebellum_album)"
"88","Roots","The Everly Brothers","country","https://en.wikipedia.org/wiki/Roots_(The_Everly_Brothers_album)"
"89","I'm A Lonesome Fugitive","Merle Haggard","country","https://en.wikipedia.org/wiki/I%27m_a_Lonesome_Fugitive"
"90","One on the Way","Loretta Lynn","country","https://en.wikipedia.org/wiki/One%27s_on_the_Way_(album)"
"91","Me and Bobby McGee","Kris Kristofferson","country","https://en.wikipedia.org/wiki/Kristofferson_(album)"
"92","Be Here","Keith Urban","country","https://en.wikipedia.org/wiki/Be_Here"
"93","Oh My God","Doug E. Fresh","rap","https://en.wikipedia.org/wiki/Oh,_My_God!_(Doug_E._Fresh_album)"
"94","I Don’t Like Shit, I Don’t Go Outside","Earl Sweatshirt","rap","https://en.wikipedia.org/wiki/I_Don%27t_Like_Shit,_I_Don%27t_Go_Outside"
"95","All Hail The Queen","Queen Latifah","rap","https://en.wikipedia.org/wiki/All_Hail_the_Queen"
"96","'93 Til Infinity","Souls of Mischief","rap","https://en.wikipedia.org/wiki/93_%27til_Infinity"
"97","Like Water For Chocolate","Common","rap","https://en.wikipedia.org/wiki/Like_Water_for_Chocolate_(album)"
"98","DAMN.","Kendrick Lamar","rap","https://en.wikipedia.org/wiki/Damn_(Kendrick_Lamar_album)"
"99","Run the Jewels","Run the Jewels","rap","https://en.wikipedia.org/wiki/Run_the_Jewels_(album)"
"100","Midnight Maruaders","A Tribe Called Quest","rap","https://en.wikipedia.org/wiki/Midnight_Marauders"
"101","Under Construction","Missy Elliott","rap","https://en.wikipedia.org/wiki/Under_Construction_(Missy_Elliott_album)"
"102","Phrenology","The Roots","rap","https://en.wikipedia.org/wiki/Phrenology_(album)"
"103","Oxymoron","ScHoolboy Q","rap","https://en.wikipedia.org/wiki/Oxymoron_(album)"
"104","Lyte As A Rock","MC Lyte","rap","https://en.wikipedia.org/wiki/Lyte_as_a_Rock"
"105","Very Necessary","Salt-N-Pepa","rap","https://en.wikipedia.org/wiki/Very_Necessary"
"106","Mos Def & Talib Kweli Are Black Star","Black Star (Mos Def / Talib Kweli)","rap","https://en.wikipedia.org/wiki/Mos_Def_%26_Talib_Kweli_Are_Black_Star"
"107","Nothing Was The Same","Drake","rap","https://en.wikipedia.org/wiki/Nothing_Was_the_Same"
"108","Life After Death","Notorious B.I.G.","rap","https://en.wikipedia.org/wiki/Life_After_Death"
"109","The Great Adventures of Slick Rick","Slick Rick","rap","https://en.wikipedia.org/wiki/The_Great_Adventures_of_Slick_Rick"
"110","KRS-One","KRS-One","rap","https://en.wikipedia.org/wiki/KRS-One_(album)"
"111","AmeriKKKa's Most Wanted","Ice Cube","rap","https://en.wikipedia.org/wiki/AmeriKKKa%27s_Most_Wanted"
"112","The Slim Shady LP","Eminem","rap","https://en.wikipedia.org/wiki/The_Slim_Shady_LP"
"113","Only Built 4 Cuban Linx...","Raekwon","rap","https://en.wikipedia.org/wiki/Only_Built_4_Cuban_Linx..."
"114","Speakerboxx/The Love Below","Outkast","rap","https://en.wikipedia.org/wiki/Speakerboxxx/The_Love_Below"
"115","My Name Is My Name","Pusha T.","rap","https://en.wikipedia.org/wiki/My_Name_Is_My_Name"
"116","Liquid Swords","GZA","rap","https://en.wikipedia.org/wiki/Liquid_Swords"
"117","Straight Out the Jungle","The Jungle Brothers","rap","https://en.wikipedia.org/wiki/Straight_out_the_Jungle"
"118","By All Means Necessary","Boogie Down Productions","rap","https://en.wikipedia.org/wiki/By_All_Means_Necessary"
"119","Follow the Leader","Eric B. & Rakim","rap","https://en.wikipedia.org/wiki/Follow_the_Leader_(Eric_B._%26_Rakim_album)"
"120","Chicken-N-Beer","Ludacris","rap","https://en.wikipedia.org/wiki/Chicken-n-Beer"
"121","Cadillactica","Big K.R.I.T.","rap","https://en.wikipedia.org/wiki/Cadillactica"
"122","3 Years, 5 Days, and 2 Months in the Life of...","Arrested Development","rap","https://en.wikipedia.org/wiki/3_Years,_5_Months_and_2_Days_in_the_Life_Of..."
"123","The Coming","Busta Rhymes","rap","https://en.wikipedia.org/wiki/The_Coming"
"124","Reasonable Doubt","Jay-Z","rap","https://en.wikipedia.org/wiki/Reasonable_Doubt_(album)"
"125","Critical Beatdown","Ultramagnetic MCs","rap","https://en.wikipedia.org/wiki/Critical_Beatdown"
"126","Escape","Whodini","rap","https://en.wikipedia.org/wiki/Escape_(Whodini_album)"
"127","The Greatest Story Never Told","Saigon","rap","https://en.wikipedia.org/wiki/The_Greatest_Story_Never_Told"
"128","Sex Packets","Digital Underground","rap","https://en.wikipedia.org/wiki/Sex_Packets"
"129","Bizarre Ride II the Pharcyde","Pharcyde","rap","https://en.wikipedia.org/wiki/Bizarre_Ride_II_the_Pharcyde"
"130","Let There Be Eve...Ruff Ryders First Lady","Eve","rap","https://en.wikipedia.org/wiki/Let_There_Be_Eve...Ruff_Ryders%27_First_Lady"
"131","No One Can Do It Better","The D.O.C.","rap","https://en.wikipedia.org/wiki/No_One_Can_Do_It_Better"
"132","Capital Punishment","Big Pun","rap","https://en.wikipedia.org/wiki/Capital_Punishment_(album)"
"133","Its Dark and Hell is Hot","DMX","rap","https://en.wikipedia.org/wiki/It%27s_Dark_and_Hell_Is_Hot"
"134","Daily Operation","Gang Starr","rap","https://en.wikipedia.org/wiki/Daily_Operation"
"135","It Was Written","Nas","rap","https://en.wikipedia.org/wiki/It_Was_Written"
"136","Tha Carter IV","Lil Wayne","rap","https://en.wikipedia.org/wiki/Tha_Carter_IV"
"137","Coloring Book","Chance the Rapper","rap","https://en.wikipedia.org/wiki/Coloring_Book_(mixtape)"
"138","Mantronix : The Album","Mantronix","rap","https://en.wikipedia.org/wiki/Mantronix:_The_Album"
"139","Get Rich or Die Tryin'","50 Cent","rap","https://en.wikipedia.org/wiki/Get_Rich_or_Die_Tryin%27"
"140","Strictly Business","EPMD","rap","https://en.wikipedia.org/wiki/Strictly_Business_(EPMD_album)"
"141","Blacks Magic","Salt-N-Pepa","rap","https://en.wikipedia.org/wiki/Blacks%27_Magic"
"142","Run The Jewels II","Run the Jewels","rap","https://en.wikipedia.org/wiki/Run_the_Jewels_2"
"143","Big Tyme","Heavy D. & The Boyz","rap","https://en.wikipedia.org/wiki/Big_Tyme"
"144","Quality Control","Jurassic 5","rap","https://en.wikipedia.org/wiki/Quality_Control_(album)"
"145","How Ya Like Me Now","Kool Moe Dee","rap","https://en.wikipedia.org/wiki/How_Ya_Like_Me_Now"
"146","Mecca and the Soul Brother","Pete Rock & CL Smooth","rap","https://en.wikipedia.org/wiki/Mecca_and_the_Soul_Brother"
"147","Black on Both Sides","Mos Def","rap","https://en.wikipedia.org/wiki/Black_on_Both_Sides"
"148","Late Registration","Kanye West","rap","https://en.wikipedia.org/wiki/Late_Registration"
"149","Pauls Boutique","Beastie Boys","rap","https://en.wikipedia.org/wiki/Paul%27s_Boutique"
"150","All Eyez on Me","2pac","rap","https://en.wikipedia.org/wiki/All_Eyez_on_Me"
"151","Enter The Wu-Tang (36 Chambers)","Wu Tang Clan","rap","https://en.wikipedia.org/wiki/Enter_the_Wu-Tang_(36_Chambers)"
"152","Illmatic","Nas","rap","https://en.wikipedia.org/wiki/Illmatic"
"153","Stankonia","Outkast","rap","https://en.wikipedia.org/wiki/Stankonia"
"154","To Pimp a Butterfly","Kendrick Lamar","rap","https://en.wikipedia.org/wiki/To_Pimp_a_Butterfly"
"155","The Low End Theory","A Tribe Called Quest","rap","https://en.wikipedia.org/wiki/The_Low_End_Theory"
"156","The Chronic","Dr. Dre","rap","https://en.wikipedia.org/wiki/The_Chronic"
"157","It's a Big Daddy Thing","Big Daddy Kane","rap","https://en.wikipedia.org/wiki/It%27s_a_Big_Daddy_Thing"
"158","3 Feet High And Rising","De La Soul","rap","https://en.wikipedia.org/wiki/3_Feet_High_and_Rising"
"159","Straight Outta Compton","N.W.A","rap","https://en.wikipedia.org/wiki/Straight_Outta_Compton"
"160","The Blueprint","Jay-Z","rap","https://en.wikipedia.org/wiki/The_Blueprint_3"
"161","My Beautiful Dark Twisted Fantasy","Kanye West","rap","https://en.wikipedia.org/wiki/My_Beautiful_Dark_Twisted_Fantasy"
"162","The Miseducation of Lauryn Hill","Lauryn Hill","rap","https://en.wikipedia.org/wiki/The_Miseducation_of_Lauryn_Hill"
"163","Paid In Full","Eric B. & Rakim","rap","https://en.wikipedia.org/wiki/Paid_in_Full_(album)"
"164","The Marshall Mathers LP","Eminem","rap","https://en.wikipedia.org/wiki/The_Marshall_Mathers_LP"
"165","good kid, m.A.A.d city","Kendrick Lamar","rap","https://en.wikipedia.org/wiki/Good_Kid,_M.A.A.D_City"
"166","It Takes A Nation of Millions To Hold Us Back","Public Enemy","rap","https://en.wikipedia.org/wiki/It_Takes_a_Nation_of_Millions_to_Hold_Us_Back"
"167","The Black Album","Jay-Z","rap","https://en.wikipedia.org/wiki/The_Black_Album_(Jay-Z_album)"
"168","Raising Hell","Run-D.M.C.","rap","https://en.wikipedia.org/wiki/Raising_Hell_(album)"
"169","Supa Dupa Fly","Missy Elliott","rap","https://en.wikipedia.org/wiki/Supa_Dupa_Fly"
"170","Aquemini","Outkast","rap","https://en.wikipedia.org/wiki/Aquemini"
"171","Mama Said Knock You Out","LL Cool J","rap","https://en.wikipedia.org/wiki/Mama_Said_Knock_You_Out"
"172","Ready To Die","Notorious B.I.G.","rap","https://en.wikipedia.org/wiki/Ready_to_Die"
"173","Planet Rock","Afrika Bambaataa","rap","https://en.wikipedia.org/wiki/Planet_Rock:_The_Album"
"174","Kurtis Blow","Kurtis Blow","rap","https://en.wikipedia.org/wiki/Kurtis_Blow_(album)"
"175","Long Live the Kane","Big Daddy Kane","rap","https://en.wikipedia.org/wiki/Long_Live_the_Kane"
"176","O.G. Original Gangster","Ice T","rap","https://en.wikipedia.org/wiki/O.G._Original_Gangster"
"177","The Untouchable","Scarface","rap","https://en.wikipedia.org/wiki/The_Untouchable"
"178","License To Ill","Beastie Boys","rap","https://en.wikipedia.org/wiki/Licensed_to_Ill"
"179","Me Against the World","2 pac","rap","https://en.wikipedia.org/wiki/Me_Against_the_World"
"180","Run-D.M.C.","Run-D.M.C.","rap","https://en.wikipedia.org/wiki/Run-D.M.C._(album)"
"181","The Score","The Fugees","rap","https://en.wikipedia.org/wiki/The_Score_(Fugees_album)"
"182","Fear of A Black Planet","Public Enemy","rap","https://en.wikipedia.org/wiki/Fear_of_a_Black_Planet"
"183","The College Dropout","Kanye West","rap","https://en.wikipedia.org/wiki/The_College_Dropout"
"184","The Message","Grandmaster Flash & The Furious Five","rap","https://en.wikipedia.org/wiki/The_Message_(Grandmaster_Flash_and_the_Furious_Five_album)"
"185","Madvillainy","Madvillain","rap","https://en.wikipedia.org/wiki/Madvillainy"
"186","King of Rock","Run-D.M.C.","rap","https://en.wikipedia.org/wiki/King_of_Rock"
"187","Criminal Minded","Boogie Down Productions","rap","https://en.wikipedia.org/wiki/Criminal_Minded"
"188","Things Fall Apart","The Roots","rap","https://en.wikipedia.org/wiki/Things_Fall_Apart_(album)"
"189","Radio","LL Cool J","rap","https://en.wikipedia.org/wiki/Radio_(LL_Cool_J_album)"
"190","Tha Carter III","Lil Wayne","rap","https://en.wikipedia.org/wiki/Tha_Carter_III"
"191","R.A.P. Music","Killer Mike","rap","https://en.wikipedia.org/wiki/R.A.P._Music"
"192","Doggystyle","Snoopdogg","rap","https://en.wikipedia.org/wiki/Doggystyle"
"193","Scum","Napalm Death","metal","https://en.wikipedia.org/wiki/Scum_(Napalm_Death_album)"
"194","South of Heaven","Slayer","metal","https://en.wikipedia.org/wiki/South_of_Heaven"
"195","Heartwork","Carcass","metal","https://en.wikipedia.org/wiki/Heartwork"
"196","Angel Dust","Faith No More","metal","https://en.wikipedia.org/wiki/Angel_Dust_(Faith_No_More_album)"
"197","Hvis lyset tar oss","Burzum","metal","https://en.wikipedia.org/wiki/Hvis_lyset_tar_oss"
"198","Killing Machine","Judas Priest","metal","https://en.wikipedia.org/wiki/Killing_Machine"
"199","Unquestionable Presence","Atheist","metal","https://en.wikipedia.org/wiki/Unquestionable_Presence"
"200","Diary of a Madman","Ozzy Osbourne","metal","https://en.wikipedia.org/wiki/Diary_of_a_Madman_(album)"
"201","Walls of Jericho","Helloween","metal","https://en.wikipedia.org/wiki/Walls_of_Jericho_(album)"
"202","Through Silver and Blood","Neurosis","metal","https://en.wikipedia.org/wiki/Through_Silver_in_Blood"
"203","Show No Mercy","Slayer","metal","https://en.wikipedia.org/wiki/Show_No_Mercy"
"204","Metallica","Metallica","metal","https://en.wikipedia.org/wiki/Metallica_(album)"
"205","Keeper of the Seven Keys Pt. I","Helloween","metal","https://en.wikipedia.org/wiki/Keeper_of_the_Seven_Keys:_Part_I"
"206","Somewhere in Time","Iron Maiden","metal","https://en.wikipedia.org/wiki/Somewhere_in_Time_(Iron_Maiden_album)"
"207","Heaven & Hell","Black Sabbath","metal","https://en.wikipedia.org/wiki/Heaven_and_Hell_(Black_Sabbath_album)"
"208","De Mysteriis Dom Sathanas","Mayhem","metal","https://en.wikipedia.org/wiki/De_Mysteriis_Dom_Sathanas"
"209","Among the Living","Anthrax","metal","https://en.wikipedia.org/wiki/Among_the_Living"
"210","In the Nightside Eclipse","Emperor","metal","https://en.wikipedia.org/wiki/In_the_Nightside_Eclipse"
"211","Seventh Son of a Seventh Son","Iron Maiden","metal","https://en.wikipedia.org/wiki/Seventh_Son_of_a_Seventh_Son"
"212","Cowboys From Hell","Pantera","metal","https://en.wikipedia.org/wiki/Cowboys_from_Hell"
"213","Bonded By Blood","Exodus","metal","https://en.wikipedia.org/wiki/Bonded_by_Blood"
"214","Slaughter of the Soul","At the Gates","metal","https://en.wikipedia.org/wiki/Slaughter_of_the_Soul"
"215","Melissa","Mercyful  Fate","metal","https://en.wikipedia.org/wiki/Melissa_(Mercyful_Fate_album)"
"216","British Steel","Judas Priest","metal","https://en.wikipedia.org/wiki/British_Steel_(album)"
"217","Pleasure To Kill","Kreator","metal","https://en.wikipedia.org/wiki/Pleasure_to_Kill"
"218","Darkness Descends","Dark Angel","metal","https://en.wikipedia.org/wiki/Darkness_Descends"
"219","Filosofem","Burzum","metal","https://en.wikipedia.org/wiki/Filosofem"
"220","The Real Thing","Faith No More","metal","https://en.wikipedia.org/wiki/The_Real_Thing_(Faith_No_More_album)"
"221","Left Hand Path","Entombed","metal","https://en.wikipedia.org/wiki/Left_Hand_Path_(album)"
"222","Blessed are the Sick","Morbid Angel","metal","https://en.wikipedia.org/wiki/Blessed_Are_the_Sick"
"223","Focus","Cynic","metal","https://en.wikipedia.org/wiki/Focus_(Cynic_album)"
"224","Anthems to the Welkin at Dusk","Emperor","metal","https://en.wikipedia.org/wiki/Anthems_to_the_Welkin_at_Dusk"
"225","New Bermuda","Deafheaven","metal","https://en.wikipedia.org/wiki/New_Bermuda_(album)"
"226","The Jester Race","In Flames","metal","https://en.wikipedia.org/wiki/The_Jester_Race"
"227","Follow the Leader","Korn","metal","https://en.wikipedia.org/wiki/Follow_the_Leader_(Korn_album)"
"228","A Blaze in the Northern Sky","Darkthrone","metal","https://en.wikipedia.org/wiki/A_Blaze_in_the_Northern_Sky"
"229","Rage Against the Machine","Rage Against the Machine","metal","https://en.wikipedia.org/wiki/Rage_Against_the_Machine_(album)"
"230","Long Live Rock N Roll","Rainbow","metal","https://en.wikipedia.org/wiki/Long_Live_Rock_%27n%27_Roll"
"231","Lateralus","Tool","metal","https://en.wikipedia.org/wiki/Lateralus"
"232","The Years of Decay","Overkill","metal","https://en.wikipedia.org/wiki/The_Years_of_Decay"
"233","Necroticism: Descanting the Insalubrious","Carcass","metal","https://en.wikipedia.org/wiki/Necroticism_%E2%80%93_Descanting_the_Insalubrious"
"234","Blackwater Park","Opeth","metal","https://en.wikipedia.org/wiki/Blackwater_Park"
"235","Storm of the Light's Bane","Dissection","metal","https://en.wikipedia.org/wiki/Storm_of_the_Light%27s_Bane"
"236","Leviathan","Mastodon","metal","https://en.wikipedia.org/wiki/Leviathan_(album)"
"237","Shout At The Devil","Mötley Crüe","metal","https://en.wikipedia.org/wiki/Shout_at_the_Devil"
"238","Hammerheart","Bathory","metal","https://en.wikipedia.org/wiki/Hammerheart"
"239","Individual Thought Patters","Death","metal","https://en.wikipedia.org/wiki/Individual_Thought_Patterns"
"240","Abigail","King Diamond","metal","https://en.wikipedia.org/wiki/Abigail_(album)"
"241","Under a Funeral Moon","Darkthrone","metal","https://en.wikipedia.org/wiki/Under_a_Funeral_Moon"
"242","Aenima","Tool","metal","https://en.wikipedia.org/wiki/%C3%86nima"
"243","Imaginations from the Other Side","Blind Guardian","metal","https://en.wikipedia.org/wiki/Imaginations_from_the_Other_Side"
"244","Dirt","Alice in Chains","metal","https://en.wikipedia.org/wiki/Dirt_(Alice_in_Chains_album)"
"245","Defenders of the Faith","Judas Priest","metal","https://en.wikipedia.org/wiki/Defenders_of_the_Faith"
"246","Transylvanian Hunger","Darkthrone","metal","https://en.wikipedia.org/wiki/Transilvanian_Hunger"
"247","Lightning to the Nations","Diamond Head","metal","https://en.wikipedia.org/wiki/Lightning_to_the_Nations"
"248","Holy Diver","Dio","metal","https://en.wikipedia.org/wiki/Holy_Diver"
"249","Scream Bloody Gore","Death","metal","https://en.wikipedia.org/wiki/Scream_Bloody_Gore"
"250","Screaming for Vengeance","Judas Priest","metal","https://en.wikipedia.org/wiki/Screaming_for_Vengeance"
"251","Rainbow Rising","Rainbow ","metal","https://en.wikipedia.org/wiki/Rising_(Rainbow_album)"
"252","Human","Death","metal","https://en.wikipedia.org/wiki/Human_(Death_album)"
"253","Under the Sign of the Black Mark","Bathory","metal","https://en.wikipedia.org/wiki/Under_the_Sign_of_the_Black_Mark"
"254","Blizzard of Ozz","Ozzy  Osbourne","metal","https://en.wikipedia.org/wiki/Blizzard_of_Ozz"
"255","Welcome to Hell","Venom","metal","https://en.wikipedia.org/wiki/Welcome_to_Hell"
"256","Kill 'Em All","Metallica","metal","https://en.wikipedia.org/wiki/Kill_%27Em_All"
"257","Piece of Mind"," Iron Maiden","metal","https://en.wikipedia.org/wiki/Piece_of_Mind"
"258","Powerslave","Iron Maiden","metal","https://en.wikipedia.org/wiki/Powerslave"
"259","Sad Wings of Destiny","Judas Priest","metal","https://en.wikipedia.org/wiki/Sad_Wings_of_Destiny"
"260","Rust in Peace","Megadeth","metal","https://en.wikipedia.org/wiki/Rust_in_Peace"
"261","Master of Reality","Black Sabbath","metal","https://en.wikipedia.org/wiki/Master_of_Reality"
"262","Ride the Lightning","Metallica","metal","https://en.wikipedia.org/wiki/Ride_the_Lightning"
"263","Black Sabbath","Black Sabbath","metal","https://en.wikipedia.org/wiki/Black_Sabbath_(album)"
"264","Reign in Blood","Slayer","metal","https://en.wikipedia.org/wiki/Reign_in_Blood"
"265","Number of the Beast","Iron Maiden","metal","https://en.wikipedia.org/wiki/The_Number_of_the_Beast_(album)"
"266","Master of Puppets","Metallica","metal","https://en.wikipedia.org/wiki/Master_of_Puppets"
"267","Sabotage","Black Sabbath","metal","https://en.wikipedia.org/wiki/Sabotage_(Black_Sabbath_album)"
"268","Ace of Spades","Motörhead","metal","https://en.wikipedia.org/wiki/Ace_of_Spades_(album)"
"269","Vulgar Display of Power","Pantera","metal","https://en.wikipedia.org/wiki/Vulgar_Display_of_Power"
"270","Paranoid","Black Sabbath","metal","https://en.wikipedia.org/wiki/Paranoid_(Black_Sabbath_song)"
"271","Operation: Mindcrime","Queensrÿche","metal","https://en.wikipedia.org/wiki/Operation:_Mindcrime"
"272","Overkill","Motörhead","metal","https://en.wikipedia.org/wiki/Overkill_(Mot%C3%B6rhead_album)"
"273","Keeper of the Seven Keys Pt. II","Helloween","metal","https://en.wikipedia.org/wiki/Keeper_of_the_Seven_Keys:_Part_II"
"274","Seven Churches","Possessed","metal","https://en.wikipedia.org/wiki/Seven_Churches_(album)"
"275","Beneath The Remains","Sepultura","metal","https://en.wikipedia.org/wiki/Beneath_the_Remains"
"276","Painkiller","Judas Priest","metal","https://en.wikipedia.org/wiki/Painkiller_(Judas_Priest_album)"
"277","Sabbath Bloody Sabbath","Black Sabbath","metal","https://en.wikipedia.org/wiki/Sabbath_Bloody_Sabbath"
"278","Peace Sells...But Who's Buying?","Megadeth","metal","https://en.wikipedia.org/wiki/Peace_Sells..._but_Who%27s_Buying%3F"
"279","Killers ","Iron Maiden","metal","https://en.wikipedia.org/wiki/Killers_(Iron_Maiden_album)"
"280","Seasons in the Abyss","Slayer","metal","https://en.wikipedia.org/wiki/Seasons_in_the_Abyss"
"281","...And Justice For All","Metallica","metal","https://en.wikipedia.org/wiki/...And_Justice_for_All_(album)"
"282","Epicus Doomicus Metallicus","Candlemass","metal","https://en.wikipedia.org/wiki/Epicus_Doomicus_Metallicus"
"283","Iron Maiden","Iron Maiden","metal","https://en.wikipedia.org/wiki/Iron_Maiden_(album)"
"284","Stained Class","Judas  Priest","metal","https://en.wikipedia.org/wiki/Stained_Class"
"285","Images & Words","Dream Theater","metal","https://en.wikipedia.org/wiki/Images_and_Words"
"286","Black Metal","Venom","metal","https://en.wikipedia.org/wiki/Black_Metal_(Venom_album)"
"287","Blood Fire Death","Bathory","metal","https://en.wikipedia.org/wiki/Blood_Fire_Death"
"288","Altars of Madness","Morbid Angel","metal","https://en.wikipedia.org/wiki/Altars_of_Madness"
"289","Don't Break The Oath","Mercyful Fate","metal","https://en.wikipedia.org/wiki/Don%27t_Break_the_Oath"
"290","To Mega Therion","Celtic Frost","metal","https://en.wikipedia.org/wiki/To_Mega_Therion_(album)"
"291","Hell Awaits","Slayer","metal","https://en.wikipedia.org/wiki/Hell_Awaits"
"292","Volume 4","Black Sabbath","metal","https://en.wikipedia.org/wiki/Vol._4_(Black_Sabbath_album)"
"293","The Wall (1979)","Pink Floyd","rock","https://en.wikipedia.org/wiki/The_Wall"
"294","Hotel California (1976)","The Eagles","rock","https://en.wikipedia.org/wiki/Hotel_California_(Eagles_album)"
"295","Blood On the Tracks (1975)","Bob Dylan","rock","https://en.wikipedia.org/wiki/Blood_on_the_Tracks"
"296","Electric Ladyland (1968)","Jimi Hendrix","rock","https://en.wikipedia.org/wiki/Electric_Ladyland"
"297","Ok Computer (1997)","Radiohead","rock","https://en.wikipedia.org/wiki/OK_Computer"
"298","Automatic for the People (1992)","R.E.M.","rock","https://en.wikipedia.org/wiki/Automatic_for_the_People"
"299","Van Halen (1978)","Van Halen","rock","https://en.wikipedia.org/wiki/Van_Halen_(album)"
"300","Moondance (1970)","Van Morrison ","rock","https://en.wikipedia.org/wiki/Moondance"
"301","Otis Blue (1965)","Otis Redding","rock","https://en.wikipedia.org/wiki/Otis_Blue/Otis_Redding_Sings_Soul"
"302","The Ramones (1976)","The Ramones","rock","https://en.wikipedia.org/wiki/Ramones_(album)"
"303","Sign 'O' The Times (1987)","Prince","rock","https://en.wikipedia.org/wiki/Sign_o%27_the_Times"
"304","Lady Soul (1968)","Aretha Franklin","rock","https://en.wikipedia.org/wiki/Lady_Soul"
"305","Talking Book (1972)","Stevie Wonder","rock","https://en.wikipedia.org/wiki/Talking_Book"
"306","Never Mind the Bollocks (1977)","The Sex Pistols","rock","https://en.wikipedia.org/wiki/Never_Mind_the_Bollocks,_Here%27s_the_Sex_Pistols"
"307","Bridge Over Troubled Water (1970)","Simon & Garfunkel","rock","https://en.wikipedia.org/wiki/Bridge_over_Troubled_Water"
"308","Born in the USA (1984)","Bruce Springsteen","rock","https://en.wikipedia.org/wiki/Born_in_the_U.S.A."
"309","After the Goldrush (1970)","Neil Young","rock","https://en.wikipedia.org/wiki/After_the_Gold_Rush"
"310","Murmur (1983)","R.E.M.","rock","https://en.wikipedia.org/wiki/Murmur_(album)"
"311","Synchronicity (1983)","The Police","rock","https://en.wikipedia.org/wiki/Synchronicity_(The_Police_album)"
"312","A Hard Day's Night (1964)","The Beatles","rock","https://en.wikipedia.org/wiki/A_Hard_Day%27s_Night_(album)"
"313","Back In Black (1980)","AC/DC","rock","https://en.wikipedia.org/wiki/Back_in_Black"
"314","Plastic Ono Band (1970)","John Lennon ","rock","https://en.wikipedia.org/wiki/John_Lennon/Plastic_Ono_Band"
"315","Remain In Light (1980)","Talking Heads","rock","https://en.wikipedia.org/wiki/Remain_in_Light"
"316","The Clash (1977)","The Clash","rock","https://en.wikipedia.org/wiki/The_Clash_(album)"
"317","Surrealistic Pillow (1967)","Jefferson Airplane","rock","https://en.wikipedia.org/wiki/Surrealistic_Pillow"
"318","Machine Head (1972)","Deep Purple ","rock","https://en.wikipedia.org/wiki/Machine_Head_(album)"
"319","Astral Weeks (1968)","Van Morrison ","rock","https://en.wikipedia.org/wiki/Astral_Weeks"
"320","21 (2011)","Adele","rock","https://en.wikipedia.org/wiki/21_(Adele_album)"
"321","1999 (1982)","Prince","rock","https://en.wikipedia.org/wiki/1999_(Prince_album)"
"322","Sticky Fingers (1971)","The Rolling Stones","rock","https://en.wikipedia.org/wiki/Sticky_Fingers"
"323","From Elvis In Memphis (1969)","Elvis Presely","rock","https://en.wikipedia.org/wiki/From_Elvis_in_Memphis"
"324","Stand! (1969)","Sly & The Family Stone ","rock","https://en.wikipedia.org/wiki/Stand!"
"325","The Band (1969)","The Band","rock","https://en.wikipedia.org/wiki/The_Band_(album)"
"326","Achtung Baby (1991)","U2","rock","https://en.wikipedia.org/wiki/Achtung_Baby"
"327","Off the Wall (1979)","Michael Jackson","rock","https://en.wikipedia.org/wiki/Off_the_Wall"
"328","Like A Virgin (1984)","Madonna","rock","https://en.wikipedia.org/wiki/Like_a_Virgin_(album)"
"329","Rumours (1977)","Fleetwood Mac","rock","https://en.wikipedia.org/wiki/Rumours_(album)"
"330","The Doors (1967)","The Doors","rock","https://en.wikipedia.org/wiki/The_Doors_(album)"
"331","Purple Rain (1984)","Prince ","rock","https://en.wikipedia.org/wiki/Purple_Rain_(album)"
"332","Abbey Road (1969)","The Beatles","rock","https://en.wikipedia.org/wiki/Abbey_Road"
"333","London Calling (1979)","The Clash","rock","https://en.wikipedia.org/wiki/London_Calling"
"334","Innervisions (1973)","Stevie Wonder","rock","https://en.wikipedia.org/wiki/Innervisions"
"335","Blonde On Blonde (1966)","Bob Dylan","rock","https://en.wikipedia.org/wiki/Blonde_on_Blonde"
"336","Exile On Main Street (1972)","The Rolling Stones","rock","https://en.wikipedia.org/wiki/Exile_on_Main_St."
"337","Born To Run (1975)","Bruce Springsteen","rock","https://en.wikipedia.org/wiki/Born_to_Run"
"338","Elvis Presley (1956)","Elvis Presley","rock","https://en.wikipedia.org/wiki/Elvis_Presley_(album)"
"339","Nevermind (1991)","Nirvana","rock","https://en.wikipedia.org/wiki/Nevermind"
"340","Rubber Soul (1965)","The Beatles","rock","https://en.wikipedia.org/wiki/Rubber_Soul"
"341","Are You Experienced? (1967)","Jimi Hendrix","rock","https://en.wikipedia.org/wiki/Are_You_Experienced"
"342","Thriller (1982)","Michael Jackson","rock","https://en.wikipedia.org/wiki/Thriller_(album)"
"343","Highway 61 Revisited (1965)","Bob Dylan","rock","https://en.wikipedia.org/wiki/Highway_61_Revisited"
"344","Live at the Apollo (1963)","James Brown","rock","https://en.wikipedia.org/wiki/Live_at_the_Apollo_(1963_album)"
"345","Revolver (1966)","The Beatles","rock","https://en.wikipedia.org/wiki/Revolver_(Beatles_album)"
"346","Dark Side Of The Moon (1973)","Pink Floyd","rock","https://en.wikipedia.org/wiki/The_Dark_Side_of_the_Moon"
"347","What's Going On (1971)","Marvin Gaye","rock","https://en.wikipedia.org/wiki/What%27s_Going_On_(Marvin_Gaye_album)"
"348","Pet Sounds (1966)","The Beach Boys","rock","https://en.wikipedia.org/wiki/Pet_Sounds"
"349","Who's Next (1971)","The Who","rock","https://en.wikipedia.org/wiki/Who%27s_Next"
"350","Led Zeppelin II (1969)","Led Zeppelin","rock","https://en.wikipedia.org/wiki/Led_Zeppelin_II"
"351","Songs In The Key Of Life (1976)","Stevie Wonder","rock","https://en.wikipedia.org/wiki/Songs_in_the_Key_of_Life"
"352","The Joshua Tree (1987)","U2","rock","https://en.wikipedia.org/wiki/The_Joshua_Tree"
"353","Led Zeppelin I (1969)","Led Zeppelin","rock","https://en.wikipedia.org/wiki/Led_Zeppelin_(album)"
"354","Ten (1991)","Pearl Jam","rock","https://en.wikipedia.org/wiki/Ten_(Pearl_Jam_album)"
"355","Saturday Night Fever Soundtrack (1977)","Various Artists","rock","https://en.wikipedia.org/wiki/Saturday_Night_Fever_(soundtrack)"
"356","Goodbye Yellow Brick Road (1973)","Elton John","rock","https://en.wikipedia.org/wiki/Goodbye_Yellow_Brick_Road"
"357","Bringing It All Back Home (1965)","Bob Dylan","rock","https://en.wikipedia.org/wiki/Bringing_It_All_Back_Home"
"358","Let It Bleed (1969)","The Rolling Stones","rock","https://en.wikipedia.org/wiki/Let_It_Bleed"
"359","Ziggy Stardust (1972)","David Bowie","rock","https://en.wikipedia.org/wiki/The_Rise_and_Fall_of_Ziggy_Stardust_and_the_Spiders_from_Mars"
"360","There's A Riot Goin' On (1971)","Sly & The Family Stone","rock","https://en.wikipedia.org/wiki/There%27s_a_Riot_Goin%27_On"
"361","Paranoid (1970)","Black Sabbath ","rock","https://en.wikipedia.org/wiki/Paranoid_(album)"
"362","Superfly (1972)","Curtis Mayfield","rock","https://en.wikipedia.org/wiki/Super_Fly_(soundtrack)"
"363","Appetite For Destruction (1987)","Guns N' Roses","rock","https://en.wikipedia.org/wiki/Appetite_for_Destruction"
"364","Led Zeppelin IV (1971)","Led Zeppelin","rock","https://en.wikipedia.org/wiki/Led_Zeppelin_IV"
"365","Tommy (1969)","The Who","rock","https://en.wikipedia.org/wiki/Tommy_(The_Who_album)"
"366","Tapestry (1971)","Carole King ","rock","https://en.wikipedia.org/wiki/Tapestry_(Carole_King_album)"
"367","Blue (1971)","Joni Mitchell","rock","https://en.wikipedia.org/wiki/Blue_(Joni_Mitchell_album)"
"368","I Never Loved A Man the Way I Love You (1967)","Aretha Franklin","rock","https://en.wikipedia.org/wiki/I_Never_Loved_a_Man_the_Way_I_Love_You"
"369","The Beatles (The White Album) (1968)","The Beatles","rock","https://en.wikipedia.org/wiki/The_Beatles_(album)"
"370","Black Sabbath (1970)","Black Sabbath","rock","https://en.wikipedia.org/wiki/13_(Black_Sabbath_album)"
"371","The Velvet Underground & Nico (1967)","The Velvet Underground","rock","https://en.wikipedia.org/wiki/The_Velvet_Underground_%26_Nico"
"372","Sgt. Pepper's Lonely Hearts Club Band (1967)","The Beatles","rock","https://en.wikipedia.org/wiki/Sgt._Pepper%27s_Lonely_Hearts_Club_Band"
"373","Catch A Fire (1973)","Bob Marley & The Wailers","rock","https://en.wikipedia.org/wiki/Catch_a_Fire"
"374","Fullfillingness' First Finale (1974)","Stevie Wonder","rock","https://en.wikipedia.org/wiki/Fulfillingness%27_First_Finale"
"375","Music From Big Pink (1968)","The Band ","rock","https://en.wikipedia.org/wiki/Music_from_Big_Pink"
"376","Live At Leeds (1970)","The Who","rock","https://en.wikipedia.org/wiki/Live_at_Leeds"
"377","The ""Chirping"" Crickets (1957)","Buddy Holly","rock","https://en.wikipedia.org/wiki/The_%22Chirping%22_Crickets"
"378","The Queen Is Dead (1986)","The Smiths","rock","https://en.wikipedia.org/wiki/The_Queen_Is_Dead"
"379","The Orb's Adventures Beyond the Ultraworld (1991)","The Orb","electronic","https://en.wikipedia.org/wiki/The_Orb%27s_Adventures_Beyond_the_Ultraworld"
"380","The Pleasure Principle (1979)","Gary Numan","electronic","https://en.wikipedia.org/wiki/The_Pleasure_Principle_(album)"
"381","Endtroducing..... (1996)","DJ Shadow","electronic","https://en.wikipedia.org/wiki/Endtroducing....."
"382","Low-Life (1985)","New Order","electronic","https://en.wikipedia.org/wiki/Low-Life"
"383","Yellow Magic Orchestra (1978)","Yellow Magic Orchestra","electronic","https://en.wikipedia.org/wiki/Yellow_Magic_Orchestra_(album)"
"384","Homework (1997)","Daft Punk","electronic","https://en.wikipedia.org/wiki/Homework_(Daft_Punk_album)"
"385","Pretty Hate Machine (1989)","Nine Inch Nails","electronic","https://en.wikipedia.org/wiki/Pretty_Hate_Machine"
"386","Another Green World (1975)","Brian Eno","electronic","https://en.wikipedia.org/wiki/Another_Green_World"
"387","From Here to Eternity (1977)","Giorgio Moroder","electronic","https://en.wikipedia.org/wiki/From_Here_to_Eternity_(Giorgio_Moroder_album)"
"388","Dig Your Own Hole (1997)","The Chemical Brothers","electronic","https://en.wikipedia.org/wiki/Dig_Your_Own_Hole"
"389","Debut (1993)","Björk","electronic","https://en.wikipedia.org/wiki/Debut_(Bj%C3%B6rk_album)"
"390","Kid A (2000)","Radiohead","electronic","https://en.wikipedia.org/wiki/Kid_A"
"391","The White Room (1991)","The KLF","electronic","https://en.wikipedia.org/wiki/The_White_Room_(KLF_album)"
"392","Music for the Masses (1987)","Depeche Mode","electronic","https://en.wikipedia.org/wiki/Music_for_the_Masses"
"393","Low (1977)","David Bowie","electronic","https://en.wikipedia.org/wiki/Low_(David_Bowie_album)"
"394","Club Classics Vol. One / Keep On Movin' (1989)","Soul II Soul","electronic","https://en.wikipedia.org/wiki/Club_Classics_Vol._One"
"395","The Downward Spiral (1994)","Nine Inch Nails","electronic","https://en.wikipedia.org/wiki/The_Downward_Spiral"
"396","Moon Safari (1998)","Air","electronic","https://en.wikipedia.org/wiki/Moon_Safari"
"397","Radio-Activity (1975)","Kraftwerk","electronic","https://en.wikipedia.org/wiki/Radio-Activity"
"398","Exit Planet Dust (1995)","The Chemical Brothers","electronic","https://en.wikipedia.org/wiki/Exit_Planet_Dust"
"399","Non-Stop Erotic Cabaret (1981)","Soft Cell","electronic","https://en.wikipedia.org/wiki/Non-Stop_Erotic_Cabaret"
"400","Computer World (1981)","Kraftwerk","electronic","https://en.wikipedia.org/wiki/Computer_World"
"401","Switched-On Bach (1968)","Wendy Carlos","electronic","https://en.wikipedia.org/wiki/Switched-On_Bach"
"402","Trans-Europe Express (1977)","Kraftwerk","electronic","https://en.wikipedia.org/wiki/Trans-Europe_Express_(album)"
"403","Dare! (1981)","The Human League","electronic","https://en.wikipedia.org/wiki/Dare_(album)"
"404","Autobahn (1974)","Kraftwerk","electronic","https://en.wikipedia.org/wiki/Autobahn_(album)"
"405","Oxygène (1976)","Jean Michel Jarre","electronic","https://en.wikipedia.org/wiki/Oxyg%C3%A8ne"
"406","The Man-Machine (1978)","Kraftwerk","electronic","https://en.wikipedia.org/wiki/The_Man-Machine"
"407","Suicide (1977)","Suicide","electronic","https://en.wikipedia.org/wiki/Suicide_(1977_album)"
"408","My Life in the Bush of Ghosts (1981)","Brian Eno & David Byrne","electronic","https://en.wikipedia.org/wiki/My_Life_in_the_Bush_of_Ghosts_(album)"
"409","Phaedra (1974)","Tangerine Dream","electronic","https://en.wikipedia.org/wiki/Phaedra_(album)"
"410","Selected Ambient Works 85-92 (1992)","Aphex Twin","electronic","https://en.wikipedia.org/wiki/Selected_Ambient_Works_Volume_II"
"411","Ray of Light (1998)","Madonna","electronic","https://en.wikipedia.org/wiki/Ray_of_Light"
"412","Ambient 1: Music for Airports (1978)","Brian Eno","electronic","https://en.wikipedia.org/wiki/Ambient_1:_Music_for_Airports"
"413","Blue Lines (1991)","Massive Attack","electronic","https://en.wikipedia.org/wiki/Blue_Lines"
"414","Violator (1990)","Depeche Mode","electronic","https://en.wikipedia.org/wiki/Violator_(album)"
"415","Screamadelica (1991)","Primal Scream","electronic","https://en.wikipedia.org/wiki/Screamadelica"
"416","Play (1999)","Moby","electronic","https://en.wikipedia.org/wiki/Play_(Moby_album)"
"417","Power, Corruption & Lies (1983)","New Order","electronic","https://en.wikipedia.org/wiki/Power,_Corruption_%26_Lies"
"418","Dummy (1994)","Portishead","electronic","https://en.wikipedia.org/wiki/Dummy_(album)"
"419","Technique (1989)","New Order","electronic","https://en.wikipedia.org/wiki/Technique_(album)"
"420","The Fat of the Land (1997)","The Prodigy","electronic","https://en.wikipedia.org/wiki/The_Fat_of_the_Land"
"421","Leftism (1995)","Leftfield","electronic","https://en.wikipedia.org/wiki/Leftism_(album)"
"422","Discovery (2001)","Daft Punk","electronic","https://en.wikipedia.org/wiki/Discovery_(Daft_Punk_album)"
"423","Irrlicht (1972)","Klaus Schulze","electronic","https://en.wikipedia.org/wiki/Irrlicht_(album)"
"424","Maxinquaye (1995)","Tricky","electronic","https://en.wikipedia.org/wiki/Maxinquaye"
"425","Before and After Science (1977)","Brian Eno","electronic","https://en.wikipedia.org/wiki/Before_and_After_Science"
"426","Original Pirate Material (2002)","The Streets","electronic","https://en.wikipedia.org/wiki/Original_Pirate_Material"
"427","Penthouse and Pavement (1981)","Heaven 17","electronic","https://en.wikipedia.org/wiki/Penthouse_and_Pavement"
"428","Homogenic (1997)","Björk","electronic","https://en.wikipedia.org/wiki/Homogenic"
"429","Replicas (1979)","Gary Numan & Tubeway Army","electronic","https://en.wikipedia.org/wiki/Replicas_(album)"
"430","Another Side (1988)","Fingers Inc.","electronic","https://en.wikipedia.org/wiki/Another_Side_(Fingers_Inc._album)"
"431","Tin Drum (1981)","Japan","electronic","https://en.wikipedia.org/wiki/Tin_Drum_(album)"
"432","Untrue (2007)","Burial","electronic","https://en.wikipedia.org/wiki/Untrue_(album)"
"433","Very (1993)","Pet Shop Boys","electronic","https://en.wikipedia.org/wiki/Very_(Pet_Shop_Boys_album)"
"434","An Electric Storm (1969)","White Noise","electronic","https://en.wikipedia.org/wiki/An_Electric_Storm"
"435","Since I Left You (2000)","The Avalanches","electronic","https://en.wikipedia.org/wiki/Since_I_Left_You"
"436","Alles ist gut (1981)","D.A.F.","electronic","https://en.wikipedia.org/wiki/Alles_Ist_Gut"
"437","Richard D. James Album (1996)","Aphex Twin","electronic","https://en.wikipedia.org/wiki/Richard_D._James_Album"
"438","Rubycon (1975)","Tangerine Dream","electronic","https://en.wikipedia.org/wiki/Rubycon_(album)"
"439","Everything is Wrong (1995)","Moby","electronic","https://en.wikipedia.org/wiki/Everything_Is_Wrong_(album)"
"440","Wendy Carlos' Clockwork Orange (1972)","Wendy Carlos","electronic","https://en.wikipedia.org/wiki/A_Clockwork_Orange:_Wendy_Carlos%27s_Complete_Original_Score"
"441","Boy in da Corner (2003)","Dizzee Rascal","electronic","https://en.wikipedia.org/wiki/Boy_in_da_Corner"
"442","Vienna (1980)","Ultravox","electronic","https://en.wikipedia.org/wiki/Vienna_(album)"
"443","Zuckerzeit (1974)","Cluster","electronic","https://en.wikipedia.org/wiki/Zuckerzeit"
"444","Black Secret Technology (1995)","A Guy Called Gerald","electronic","https://en.wikipedia.org/wiki/Black_Secret_Technology"
"445","The In Sound from Way Out! (1966)","Perrey & Kingsley","electronic","https://en.wikipedia.org/wiki/The_In_Sound_from_Way_Out!_(Perrey_and_Kingsley_album)"
"446","Frequencies (1991)","LFO","electronic","https://en.wikipedia.org/wiki/Frequencies_(album)"
"447","Demon Days (2005)","Gorillaz","electronic","https://en.wikipedia.org/wiki/Demon_Days"
"448","Paradise / Big Fun (1989)","Inner City","electronic","https://en.wikipedia.org/wiki/Paradise_(Inner_City_album)"
"449","Behaviour (1990)","Pet Shop Boys","electronic","https://en.wikipedia.org/wiki/Behaviour_(Pet_Shop_Boys_album)"
"450","20 Jazz Funk Greats (1979)","Throbbing Gristle","electronic","https://en.wikipedia.org/wiki/20_Jazz_Funk_Greats"
"451","Music Has the Right to Children (1998)","Boards of Canada","electronic","https://en.wikipedia.org/wiki/Music_Has_the_Right_to_Children"
"452","Actually (1987)","Pet Shop Boys","electronic","https://en.wikipedia.org/wiki/Actually"
"453","Timeless (1995)","Goldie","electronic","https://en.wikipedia.org/wiki/Timeless_(Goldie_album)"
"454","Discreet Music (1975)","Brian Eno","electronic","https://en.wikipedia.org/wiki/Discreet_Music"
"455","Dubnobasswithmyheadman (1994)","Underworld","electronic","https://en.wikipedia.org/wiki/Dubnobasswithmyheadman"
"456","Madonna (1983)","Madonna","electronic","https://en.wikipedia.org/wiki/Madonna_(Madonna_album)"
"457","You've Come a Long Way, Baby (1998)","Fatboy Slim","electronic","https://en.wikipedia.org/wiki/You%27ve_Come_a_Long_Way,_Baby"
"458","In den Gärten Pharaos (1971)","Popol Vuh","electronic","https://en.wikipedia.org/wiki/In_den_G%C3%A4rten_Pharaos"
"459","Mezzanine (1998)","Massive Attack","electronic","https://en.wikipedia.org/wiki/Mezzanine_(album)"
"460","Post (1995)","Björk","electronic","https://en.wikipedia.org/wiki/Post_(Bj%C3%B6rk_album)"
"461","""Heroes"" (1977)","David Bowie","electronic","https://en.wikipedia.org/wiki/%22Heroes%22_(David_Bowie_album)"
"462","Sound of Silver (2007)","LCD Soundsystem","electronic","https://en.wikipedia.org/wiki/Sound_of_Silver"
"463","Protection (1994)","Massive Attack","electronic","https://en.wikipedia.org/wiki/Protection_(Massive_Attack_album)"
"464","Sweet Dreams (Are Made of This) (1983)","Eurythmics","electronic","https://en.wikipedia.org/wiki/Sweet_Dreams_(Are_Made_of_This)_(album)"
"465","Solid State Survivor (1979)","Yellow Magic Orchestra","electronic","https://en.wikipedia.org/wiki/Solid_State_Survivor"
"466","Remedy (1999)","Basement Jaxx","electronic","https://en.wikipedia.org/wiki/Remedy_(Basement_Jaxx_album)"
"467","Black Celebration (1986)","Depeche Mode","electronic","https://en.wikipedia.org/wiki/Black_Celebration"
"468","Orbital 2 (Brown Album) (1993)","Orbital","electronic","https://en.wikipedia.org/wiki/Orbital_(1993_album)"
"469","New Forms (1997)","Roni Size / Reprazent","electronic","https://en.wikipedia.org/wiki/New_Forms"
"470","E2-E4 (1984)","Manuel Göttsching","electronic","https://en.wikipedia.org/wiki/E2-E4"
"471","Chill Out (1990)","The KLF","electronic","https://en.wikipedia.org/wiki/Chill_Out_(KLF_album)"
"472","Silver Apples (1968)","Silver Apples","electronic","https://en.wikipedia.org/wiki/Silver_Apples_(album)"
"473","Utd. State 90 (1990)","808 State","electronic","https://en.wikipedia.org/wiki/Utd._State_90"
"474","(Who's Afraid Of?) The Art of Noise! (1984)","The Art of Noise","electronic","https://en.wikipedia.org/wiki/Who%27s_Afraid_of_the_Art_of_Noise%3F"
"475","Chariots of Fire (1981)","Vangelis","electronic","https://en.wikipedia.org/wiki/Chariots_of_Fire_(album)"
"476","Music for the Jilted Generation (1994)","The Prodigy","electronic","https://en.wikipedia.org/wiki/Music_for_the_Jilted_Generation"
"477","Kala (2007)","M.I.A.","electronic","https://en.wikipedia.org/wiki/Kala_(album)"
