"id","title","label","URL"
"0","Bloodshot","super-hero","https://en.wikipedia.org/wiki/Bloodshot_(film)"
"1","Watchmen","super-hero","https://en.wikipedia.org/wiki/Watchmen_(film)"
"2","Superman II","super-hero","https://en.wikipedia.org/wiki/Superman_II"
"3","Birds of Prey (And the Fantabulous Emancipation…","super-hero","https://en.wikipedia.org/wiki/Birds_of_Prey_(2020_film)"
"4","Green Lantern","super-hero","https://en.wikipedia.org/wiki/Green_Lantern_(film)"
"5","The Green Hornet","super-hero","https://en.wikipedia.org/wiki/The_Green_Hornet_(2011_film)"
"6","Ghost Rider","super-hero","https://en.wikipedia.org/wiki/Ghost_Rider_(2007_film)"
"7","Batman & Robin","super-hero","https://en.wikipedia.org/wiki/Batman_%26_Robin_(film)"
"8","Hulk","super-hero","https://en.wikipedia.org/wiki/Hulk_(film)"
"9","Teenage Mutant Ninja Turtles: Out of the Shadows","super-hero","https://en.wikipedia.org/wiki/Teenage_Mutant_Ninja_Turtles:_Out_of_the_Shadows"
"10","Unbreakable","super-hero","https://en.wikipedia.org/wiki/Unbreakable_(film)"
"11","Shazam!","super-hero","https://en.wikipedia.org/wiki/Shazam!_(film)"
"12","The Incredible Hulk","super-hero","https://en.wikipedia.org/wiki/The_Incredible_Hulk_(film)"
"13","Fantastic Four: Rise of the Silver Surfer","super-hero","https://en.wikipedia.org/wiki/Fantastic_Four:_Rise_of_the_Silver_Surfer"
"14","X-Men","super-hero","https://en.wikipedia.org/wiki/X-Men_(film)"
"15","Superman","super-hero","https://en.wikipedia.org/wiki/Superman_(1978_film)"
"16","Fantastic Four","super-hero","https://en.wikipedia.org/wiki/Fantastic_Four_(2005_film)"
"17","Batman Forever","super-hero","https://en.wikipedia.org/wiki/Batman_Forever"
"18","The Mask","super-hero","https://en.wikipedia.org/wiki/The_Mask_(1994_film)"
"19","X-Men: First Class","super-hero","https://en.wikipedia.org/wiki/X-Men:_First_Class"
"20","Batman Begins","super-hero","https://en.wikipedia.org/wiki/Batman_Begins"
"21","Daredevil","super-hero","https://en.wikipedia.org/wiki/Daredevil_(film)"
"22","Spider-Man: Into The Spider-Verse 3D","super-hero","https://en.wikipedia.org/wiki/Spider-Man:_Into_the_Spider-Verse"
"23","The League of Extraordinary Gentlemen","super-hero","https://en.wikipedia.org/wiki/The_League_of_Extraordinary_Gentlemen_(film)"
"24","Batman Returns","super-hero","https://en.wikipedia.org/wiki/Batman_Returns"
"25","Jian Bing Man","super-hero","https://en.wikipedia.org/wiki/Jian_Bing_Man"
"26","Elektra","super-hero","https://en.wikipedia.org/wiki/Elektra_(2005_film)"
"27","Darkman","super-hero","https://en.wikipedia.org/wiki/Darkman"
"28","BrightBurn","super-hero","https://en.wikipedia.org/wiki/Brightburn"
"29","Mystery Men","super-hero","https://en.wikipedia.org/wiki/Mystery_Men"
"30","Superman IV: The Quest for Peace","super-hero","https://en.wikipedia.org/wiki/Superman_IV:_The_Quest_for_Peace"
"31","The Spirit","super-hero","https://en.wikipedia.org/wiki/The_Spirit_(film)"
"32","Hellboy","super-hero","https://en.wikipedia.org/wiki/Hellboy_(2019_film)"
"33","Astro Boy","super-hero","https://en.wikipedia.org/wiki/Astro_Boy_(film)"
"34","The Punisher","super-hero","https://en.wikipedia.org/wiki/The_Punisher_(2004_film)"
"35","The Shadow","super-hero","https://en.wikipedia.org/wiki/The_Shadow_(1994_film)"
"36","Captain America: The First Avenger","super-hero","https://en.wikipedia.org/wiki/Captain_America:_The_First_Avenger"
"37","Sky High","super-hero","https://en.wikipedia.org/wiki/Sky_High_(2005_film)"
"38","Superhero Movie","super-hero","https://en.wikipedia.org/wiki/Superhero_Movie"
"39","Superman III","super-hero","https://en.wikipedia.org/wiki/Superman_III"
"40","Catwoman","super-hero","https://en.wikipedia.org/wiki/Catwoman_(film)"
"41","Hellboy","super-hero","https://en.wikipedia.org/wiki/Hellboy_(2004_film)"
"42","Blade","super-hero","https://en.wikipedia.org/wiki/Blade_(film)"
"43","Blade: Trinity","super-hero","https://en.wikipedia.org/wiki/Blade:_Trinity"
"44","Blade 2","super-hero","https://en.wikipedia.org/wiki/Blade_II"
"45","Hellboy II: The Golden Army","super-hero","https://en.wikipedia.org/wiki/Hellboy_II:_The_Golden_Army"
"46","Dick Tracy","super-hero","https://en.wikipedia.org/wiki/Dick_Tracy_(1990_film)"
"47","The Fantastic Four","super-hero","https://en.wikipedia.org/wiki/Fantastic_Four_(2015_film)"
"48","My Super Ex-Girlfriend","super-hero","https://en.wikipedia.org/wiki/My_Super_Ex-Girlfriend"
"49","The Amazing Spider-Man","super-hero","https://en.wikipedia.org/wiki/The_Amazing_Spider-Man_(2012_film)"
"50","Dark Phoenix","super-hero","https://en.wikipedia.org/wiki/Dark_Phoenix_(film)"
"51","Ant-Man and the Wasp","super-hero","https://en.wikipedia.org/wiki/Ant-Man_and_the_Wasp"
"52","Guardians of the Galaxy","super-hero","https://en.wikipedia.org/wiki/Guardians_of_the_Galaxy_(film)"
"53","Spider-Man 2","super-hero","https://en.wikipedia.org/wiki/Spider-Man_2"
"54","Wonder Woman","super-hero","https://en.wikipedia.org/wiki/Wonder_Woman_(2017_film)"
"55","Spider-Man","super-hero","https://en.wikipedia.org/wiki/Spider-Man_(2002_film)"
"56","Venom","super-hero","https://en.wikipedia.org/wiki/Venom_(2018_film)"
"57","Thor: Ragnarok","super-hero","https://en.wikipedia.org/wiki/Thor:_Ragnarok"
"58","Guardians of the Galaxy Vol 2","super-hero","https://en.wikipedia.org/wiki/Guardians_of_the_Galaxy_Vol._2"
"59","Batman v Superman: Dawn of Justice","super-hero","https://en.wikipedia.org/wiki/Batman_v_Superman:_Dawn_of_Justice"
"60","Spider-Man: Homecoming","super-hero","https://en.wikipedia.org/wiki/Spider-Man:_Homecoming"
"61","The Dark Knight","super-hero","https://en.wikipedia.org/wiki/The_Dark_Knight_(film)"
"62","X-Men: Days of Future Past","super-hero","https://en.wikipedia.org/wiki/X-Men:_Days_of_Future_Past"
"63","The Dark Knight Rises","super-hero","https://en.wikipedia.org/wiki/The_Dark_Knight_Rises"
"64","Captain Marvel","super-hero","https://en.wikipedia.org/wiki/Captain_Marvel_(film)"
"65","Aquaman","super-hero","https://en.wikipedia.org/wiki/Aquaman_(film)"
"66","Captain America: Civil War","super-hero","https://en.wikipedia.org/wiki/Captain_America:_Civil_War"
"67","Iron Man 3","super-hero","https://en.wikipedia.org/wiki/Iron_Man_3"
"68","Black Panther","super-hero","https://en.wikipedia.org/wiki/Black_Panther_(film)"
"69","Avengers: Age of Ultron","super-hero","https://en.wikipedia.org/wiki/Avengers:_Age_of_Ultron"
"70","The Avengers","super-hero","https://en.wikipedia.org/wiki/The_Avengers_(2012_film)"
"71","Avengers: Infinity War","super-hero","https://en.wikipedia.org/wiki/Avengers:_Infinity_War"
"72","Deadpool","super-hero","https://en.wikipedia.org/wiki/Deadpool_(film)"
"73","X-Men Origins: Wolverine","super-hero","https://en.wikipedia.org/wiki/X-Men_Origins:_Wolverine"
"74","Spider-Man: Far From Home","super-hero","https://en.wikipedia.org/wiki/Spider-Man:_Far_From_Home"
"75","Superman Returns","super-hero","https://en.wikipedia.org/wiki/Superman_Returns"
"76","Spider-Man 3","super-hero","https://en.wikipedia.org/wiki/Spider-Man_3"
"77","Batman","super-hero","https://en.wikipedia.org/wiki/Batman_(1989_film)"
"78","X-Men 2","super-hero","https://en.wikipedia.org/wiki/X2_(film)"
"79","The Wolverine","super-hero","https://en.wikipedia.org/wiki/The_Wolverine_(film)"
"80","Thor","super-hero","https://en.wikipedia.org/wiki/Thor_(film)"
"81","X-Men: The Last Stand","super-hero","https://en.wikipedia.org/wiki/X-Men:_The_Last_Stand"
"82","Teenage Mutant Ninja Turtles","super-hero","https://en.wikipedia.org/wiki/Teenage_Mutant_Ninja_Turtles_(1990_film)"
"83","Ant-Man","super-hero","https://en.wikipedia.org/wiki/Ant-Man_(film)"
"84","X-Men: Apocalypse","super-hero","https://en.wikipedia.org/wiki/X-Men:_Apocalypse"
"85","Boku no Hīrō Akademia The Movie Hīrōzu: Raijing…","super-hero","https://en.wikipedia.org/wiki/My_Hero_Academia:_Heroes_Rising"
"86","Logan","super-hero","https://en.wikipedia.org/wiki/Logan_(film)"
"87","Hancock","super-hero","https://en.wikipedia.org/wiki/Hancock_(film)"
"88","Deadpool 2","super-hero","https://en.wikipedia.org/wiki/Deadpool_2"
"89","Iron Man","super-hero","https://en.wikipedia.org/wiki/Iron_Man_(2008_film)"
"90","Avengers: Endgame","super-hero","https://en.wikipedia.org/wiki/Avengers:_Endgame"
"91","Big Hero 6","super-hero","https://en.wikipedia.org/wiki/Big_Hero_6_(film)"
"92","Justice League","super-hero","https://en.wikipedia.org/wiki/Justice_League_(film)"
"93","Man of Steel","super-hero","https://en.wikipedia.org/wiki/Man_of_Steel_(film)"
"94","Doctor Strange","super-hero","https://en.wikipedia.org/wiki/Doctor_Strange_(2016_film)"
"95","The Amazing Spider-Man 2","super-hero","https://en.wikipedia.org/wiki/The_Amazing_Spider-Man_2"
"96","Captain America: The Winter Soldier","super-hero","https://en.wikipedia.org/wiki/Captain_America:_The_Winter_Soldier"
"97","Suicide Squad","super-hero","https://en.wikipedia.org/wiki/Suicide_Squad_(film)"
"98","Iron Man 2","super-hero","https://en.wikipedia.org/wiki/Iron_Man_2"
"99","Thor: The Dark World","super-hero","https://en.wikipedia.org/wiki/Thor:_The_Dark_World"
"100","Penguins of Madagascar","kids-fiction","https://en.wikipedia.org/wiki/Penguins_of_Madagascar"
"101","Toy Story","kids-fiction","https://en.wikipedia.org/wiki/Toy_Story"
"102","Alvin and the Chipmunks","kids-fiction","https://en.wikipedia.org/wiki/Alvin_and_the_Chipmunks_(film)"
"103","Dinosaur","kids-fiction","https://en.wikipedia.org/wiki/Dinosaur_(film)"
"104","The Lion King","kids-fiction","https://en.wikipedia.org/wiki/The_Lion_King"
"105","The Angry Birds Movie","kids-fiction","https://en.wikipedia.org/wiki/The_Angry_Birds_Movie"
"106","Frozen II","kids-fiction","https://en.wikipedia.org/wiki/Frozen_II"
"107","Cloudy with a Chance of Meatballs 2","kids-fiction","https://en.wikipedia.org/wiki/Cloudy_with_a_Chance_of_Meatballs_(film)"
"108","Shark Tale","kids-fiction","https://en.wikipedia.org/wiki/Shark_Tale"
"109","Dumbo","kids-fiction","https://en.wikipedia.org/wiki/Dumbo_(2019_film)"
"110","Monsters vs. Aliens","kids-fiction","https://en.wikipedia.org/wiki/Monsters_vs._Aliens"
"111","Hotel Transylvania 2","kids-fiction","https://en.wikipedia.org/wiki/Hotel_Transylvania_2"
"112","Cars 3","kids-fiction","https://en.wikipedia.org/wiki/Cars_3"
"113","Home","kids-fiction","https://en.wikipedia.org/wiki/Home_(2015_film)"
"114","Ice Age","kids-fiction","https://en.wikipedia.org/wiki/Ice_Age_(2002_film)"
"115","Ice Age: Collision Course","kids-fiction","https://en.wikipedia.org/wiki/Ice_Age:_Collision_Course"
"116","Pokémon: Detective Pikachu","kids-fiction","https://en.wikipedia.org/wiki/Detective_Pikachu_(film)"
"117","The Secret Life of Pets 2","kids-fiction","https://en.wikipedia.org/wiki/The_Secret_Life_of_Pets_2"
"118","Alvin and the Chipmunks: The Squeakquel","kids-fiction","https://en.wikipedia.org/wiki/Alvin_and_the_Chipmunks:_The_Squeakquel"
"119","Cars","kids-fiction","https://en.wikipedia.org/wiki/Cars_(film)"
"120","The Lego Movie","kids-fiction","https://en.wikipedia.org/wiki/The_Lego_Movie"
"121","Hotel Transylvania","kids-fiction","https://en.wikipedia.org/wiki/Hotel_Transylvania"
"122","Charlie and the Chocolate Factory","kids-fiction","https://en.wikipedia.org/wiki/Charlie_and_the_Chocolate_Factory_(film)"
"123","Doctor Seuss' The Lorax","kids-fiction","https://en.wikipedia.org/wiki/The_Lorax_(film)"
"124","Sonic The Hedgehog","kids-fiction","https://en.wikipedia.org/wiki/Sonic_the_Hedgehog_(film)"
"125","Mary Poppins Returns","kids-fiction","https://en.wikipedia.org/wiki/Mary_Poppins_Returns"
"126","Alvin and the Chipmunks: Chipwrecked","kids-fiction","https://en.wikipedia.org/wiki/Alvin_and_the_Chipmunks:_Chipwrecked"
"127","The Smurfs 2","kids-fiction","https://en.wikipedia.org/wiki/The_Smurfs_2"
"128","Turbo","kids-fiction","https://en.wikipedia.org/wiki/Turbo_(film)"
"129","Bee Movie","kids-fiction","https://en.wikipedia.org/wiki/Bee_Movie"
"130","Ferdinand","kids-fiction","https://en.wikipedia.org/wiki/Ferdinand_(film)"
"131","G-Force","kids-fiction","https://en.wikipedia.org/wiki/G-Force_(film)"
"132","Doctor Dolittle","kids-fiction","https://en.wikipedia.org/wiki/Dr._Dolittle_(1998_film)"
"133","Stuart Little","kids-fiction","https://en.wikipedia.org/wiki/Stuart_Little_(film)"
"134","Hook","kids-fiction","https://en.wikipedia.org/wiki/Hook_(film)"
"135","101 Dalmatians","kids-fiction","https://en.wikipedia.org/wiki/101_Dalmatians_(1996_film)"
"136","Happy Feet","kids-fiction","https://en.wikipedia.org/wiki/Happy_Feet"
"137","Peter Rabbit","kids-fiction","https://en.wikipedia.org/wiki/Peter_Rabbit_(film)"
"138","Chicken Little","kids-fiction","https://en.wikipedia.org/wiki/Chicken_Little_(2005_film)"
"139","The Lego Batman Movie","kids-fiction","https://en.wikipedia.org/wiki/The_Lego_Batman_Movie"
"140","The SpongeBob Movie: Sponge Out of Water","kids-fiction","https://en.wikipedia.org/wiki/The_SpongeBob_Movie:_Sponge_on_the_Run"
"141","The Polar Express","kids-fiction","https://en.wikipedia.org/wiki/The_Polar_Express_(film)"
"142","Megamind","kids-fiction","https://en.wikipedia.org/wiki/Megamind"
"143","Bolt","kids-fiction","https://en.wikipedia.org/wiki/Bolt_(2008_film)"
"144","The Good Dinosaur","kids-fiction","https://en.wikipedia.org/wiki/The_Good_Dinosaur"
"145","Over the Hedge","kids-fiction","https://en.wikipedia.org/wiki/Over_the_Hedge_(film)"
"146","Trolls","kids-fiction","https://en.wikipedia.org/wiki/Trolls_(film)"
"147","How the Grinch Stole Christmas","kids-fiction","https://en.wikipedia.org/wiki/How_the_Grinch_Stole_Christmas_(2000_film)"
"148","Rise of the Guardians","kids-fiction","https://en.wikipedia.org/wiki/Rise_of_the_Guardians"
"149","Rio","kids-fiction","https://en.wikipedia.org/wiki/Rio_(2011_film)"
"150","Scooby-Doo","kids-fiction","https://en.wikipedia.org/wiki/Scooby-Doo_(film)"
"151","Monsters, Inc.","kids-fiction","https://en.wikipedia.org/wiki/Monsters,_Inc."
"152","Rio 2","kids-fiction","https://en.wikipedia.org/wiki/Rio_2"
"153","Madagascar 3: Europe's Most Wanted","kids-fiction","https://en.wikipedia.org/wiki/Madagascar_3:_Europe%27s_Most_Wanted"
"154","Shrek Forever After","kids-fiction","https://en.wikipedia.org/wiki/Shrek_Forever_After"
"155","ET: The Extra-Terrestrial","kids-fiction","https://en.wikipedia.org/wiki/E.T._the_Extra-Terrestrial"
"156","Coco","kids-fiction","https://en.wikipedia.org/wiki/Coco_(2017_film)"
"157","Shrek the Third","kids-fiction","https://en.wikipedia.org/wiki/Shrek_the_Third"
"158","Inside Out","kids-fiction","https://en.wikipedia.org/wiki/Inside_Out_(2015_film)"
"159","Ice Age: Dawn of the Dinosaurs","kids-fiction","https://en.wikipedia.org/wiki/Ice_Age:_Dawn_of_the_Dinosaurs"
"160","The Secret Life of Pets","kids-fiction","https://en.wikipedia.org/wiki/The_Secret_Life_of_Pets"
"161","Monsters University","kids-fiction","https://en.wikipedia.org/wiki/Monsters_University"
"162","Finding Nemo","kids-fiction","https://en.wikipedia.org/wiki/Finding_Nemo"
"163","Despicable Me 2","kids-fiction","https://en.wikipedia.org/wiki/Despicable_Me_2"
"164","The Lion King","kids-fiction","https://en.wikipedia.org/wiki/The_Lion_King_(2019_film)"
"165","Frozen","kids-fiction","https://en.wikipedia.org/wiki/Frozen_(2013_film)"
"166","Incredibles 2","kids-fiction","https://en.wikipedia.org/wiki/Incredibles_2"
"167","Minions","kids-fiction","https://en.wikipedia.org/wiki/Minions_(film)"
"168","Kung Fu Panda 2","kids-fiction","https://en.wikipedia.org/wiki/Kung_Fu_Panda_2"
"169","Toy Story 3","kids-fiction","https://en.wikipedia.org/wiki/Toy_Story_3"
"170","Despicable Me 3","kids-fiction","https://en.wikipedia.org/wiki/Despicable_Me_3"
"171","Finding Dory","kids-fiction","https://en.wikipedia.org/wiki/Finding_Dory"
"172","Zootopia","kids-fiction","https://en.wikipedia.org/wiki/Zootopia"
"173","Shrek","kids-fiction","https://en.wikipedia.org/wiki/Shrek"
"174","Toy Story 4","kids-fiction","https://en.wikipedia.org/wiki/Toy_Story_4"
"175","Ice Age: The Meltdown","kids-fiction","https://en.wikipedia.org/wiki/Ice_Age:_The_Meltdown"
"176","Shrek 2","kids-fiction","https://en.wikipedia.org/wiki/Shrek_2"
"177","Toy Story 2","kids-fiction","https://en.wikipedia.org/wiki/Toy_Story_2"
"178","Kung Fu Panda 3","kids-fiction","https://en.wikipedia.org/wiki/Kung_Fu_Panda_3"
"179","How to Train Your Dragon: The Hidden World","kids-fiction","https://en.wikipedia.org/wiki/How_to_Train_Your_Dragon:_The_Hidden_World"
"180","Hotel Transylvania 3: Summer Vacation","kids-fiction","https://en.wikipedia.org/wiki/Hotel_Transylvania_3:_Summer_Vacation"
"181","The Boss Baby","kids-fiction","https://en.wikipedia.org/wiki/The_Boss_Baby"
"182","Ralph Breaks The Internet","kids-fiction","https://en.wikipedia.org/wiki/Ralph_Breaks_the_Internet"
"183","Despicable Me","kids-fiction","https://en.wikipedia.org/wiki/Despicable_Me"
"184","Brave","kids-fiction","https://en.wikipedia.org/wiki/Brave_(2012_film)"
"185","Puss in Boots","kids-fiction","https://en.wikipedia.org/wiki/Puss_in_Boots_(2011_film)"
"186","Madagascar","kids-fiction","https://en.wikipedia.org/wiki/Madagascar_(2005_film)"
"187","Cars 2","kids-fiction","https://en.wikipedia.org/wiki/Cars_2"
"188","Sing","kids-fiction","https://en.wikipedia.org/wiki/Sing_(2016_American_film)"
"189","Dr. Seuss’ The Grinch","kids-fiction","https://en.wikipedia.org/wiki/The_Grinch_(film)"
"190","The Croods","kids-fiction","https://en.wikipedia.org/wiki/The_Croods"
"191","Night at the Museum","kids-fiction","https://en.wikipedia.org/wiki/Night_at_the_Museum"
"192","Tangled","kids-fiction","https://en.wikipedia.org/wiki/Tangled"
"193","Madagascar: Escape 2 Africa","kids-fiction","https://en.wikipedia.org/wiki/Madagascar:_Escape_2_Africa"
"194","Ratatouille","kids-fiction","https://en.wikipedia.org/wiki/Ratatouille_(film)"
"195","The Incredibles","kids-fiction","https://en.wikipedia.org/wiki/The_Incredibles"
"196","Kung Fu Panda","kids-fiction","https://en.wikipedia.org/wiki/Kung_Fu_Panda"
"197","Moana","kids-fiction","https://en.wikipedia.org/wiki/Moana_(2016_film)"
"198","Wreck-It Ralph","kids-fiction","https://en.wikipedia.org/wiki/Wreck-It_Ralph"
"199","The Smurfs","kids-fiction","https://en.wikipedia.org/wiki/The_Smurfs_(film)"
"200","Abraham Lincoln: Vampire Hunter","horror","https://en.wikipedia.org/wiki/Abraham_Lincoln:_Vampire_Hunter"
"201","The Purge: Election Year","horror","https://en.wikipedia.org/wiki/The_Purge:_Election_Year"
"202","Saw V","horror","https://en.wikipedia.org/wiki/Saw_V"
"203","A Nightmare on Elm Street","horror","https://en.wikipedia.org/wiki/A_Nightmare_on_Elm_Street"
"204","Frankenstein","horror","https://en.wikipedia.org/wiki/Frankenstein_(1931_film)"
"205","Final Destination 3","horror","https://en.wikipedia.org/wiki/Final_Destination_3"
"206","Crawl","horror","https://en.wikipedia.org/wiki/Crawl_(2019_film)"
"207","Stigmata","horror","https://en.wikipedia.org/wiki/Stigmata_(film)"
"208","The Omen","horror","https://en.wikipedia.org/wiki/The_Omen"
"209","Freddy vs. Jason","horror","https://en.wikipedia.org/wiki/Freddy_vs._Jason"
"210","Jeepers Creepers 2","horror","https://en.wikipedia.org/wiki/Jeepers_Creepers_2"
"211","The Invisible Man","horror","https://en.wikipedia.org/wiki/The_Invisible_Man_(2020_film)"
"212","The Curse of La Llorona","horror","https://en.wikipedia.org/wiki/The_Curse_of_La_Llorona"
"213","Poltergeist","horror","https://en.wikipedia.org/wiki/Poltergeist_(2015_film)"
"214","Resident Evil: Apocalypse","horror","https://en.wikipedia.org/wiki/Resident_Evil:_Apocalypse"
"215","I Know What You Did Last Summer","horror","https://en.wikipedia.org/wiki/I_Know_What_You_Did_Last_Summer"
"216","1408","horror","https://en.wikipedia.org/wiki/1408_(film)"
"217","The House with a Clock in its Walls","horror","https://en.wikipedia.org/wiki/The_House_with_a_Clock_in_Its_Walls_(film)"
"218","Saw 3D","horror","https://en.wikipedia.org/wiki/Saw_3D"
"219","Saw IV","horror","https://en.wikipedia.org/wiki/Saw_IV"
"220","Anaconda","horror","https://en.wikipedia.org/wiki/Anaconda_(film)"
"221","The First Purge","horror","https://en.wikipedia.org/wiki/The_First_Purge"
"222","Insidious Chapter 3","horror","https://en.wikipedia.org/wiki/Insidious:_Chapter_3"
"223","Happy Death Day","horror","https://en.wikipedia.org/wiki/Happy_Death_Day"
"224","Goosebumps 2: Haunted Halloween","horror","https://en.wikipedia.org/wiki/Goosebumps_2:_Haunted_Halloween"
"225","Pet Sematary","horror","https://en.wikipedia.org/wiki/Pet_Sematary_(2019_film)"
"226","It","horror","https://en.wikipedia.org/wiki/It_(2017_film)"
"227","Poltergeist","horror","https://en.wikipedia.org/wiki/Poltergeist_(1982_film)"
"228","Scary Stories to Tell in the Dark","horror","https://en.wikipedia.org/wiki/Scary_Stories_to_Tell_in_the_Dark_(film)"
"229","Silent Hill","horror","https://en.wikipedia.org/wiki/Silent_Hill_(film)"
"230","Final Destination 2","horror","https://en.wikipedia.org/wiki/Final_Destination_2"
"231","Friday the 13th","horror","https://en.wikipedia.org/wiki/Friday_the_13th_(1980_film)"
"232","The Skeleton Key","horror","https://en.wikipedia.org/wiki/The_Skeleton_Key"
"233","Drag Me To Hell","horror","https://en.wikipedia.org/wiki/Drag_Me_to_Hell"
"234","Paranormal Activity: The Marked Ones","horror","https://en.wikipedia.org/wiki/Paranormal_Activity:_The_Marked_Ones"
"235","The Rite","horror","https://en.wikipedia.org/wiki/The_Rite_(2011_film)"
"236","The Texas Chainsaw Massacre","horror","https://en.wikipedia.org/wiki/The_Texas_Chainsaw_Massacre_(2003_film)"
"237","Scream 4","horror","https://en.wikipedia.org/wiki/Scream_4"
"238","Evil Dead","horror","https://en.wikipedia.org/wiki/The_Evil_Dead"
"239","Busanhaeng","horror","https://en.wikipedia.org/wiki/Train_to_Busan"
"240","Insidious","horror","https://en.wikipedia.org/wiki/Insidious_(film)"
"241","The Devil Inside","horror","https://en.wikipedia.org/wiki/The_Devil_Inside_(film)"
"242","My Bloody Valentine","horror","https://en.wikipedia.org/wiki/My_Bloody_Valentine_(film)"
"243","Ouija","horror","https://en.wikipedia.org/wiki/Ouija_(2014_film)"
"244","Dawn of the Dead","horror","https://en.wikipedia.org/wiki/Dawn_of_the_Dead_(1978_film)"
"245","Resident Evil","horror","https://en.wikipedia.org/wiki/Resident_Evil_(film)"
"246","Saw","horror","https://en.wikipedia.org/wiki/Saw_(2004_film)"
"247","Jigsaw","horror","https://en.wikipedia.org/wiki/Jigsaw_(2017_film)"
"248","Gothika","horror","https://en.wikipedia.org/wiki/Gothika"
"249","The Amityville Horror","horror","https://en.wikipedia.org/wiki/The_Amityville_Horror_(1979_film)"
"250","Don’t Breathe","horror","https://en.wikipedia.org/wiki/Don%27t_Breathe"
"251","The Exorcism of Emily Rose","horror","https://en.wikipedia.org/wiki/The_Exorcism_of_Emily_Rose"
"252","Bram Stoker's Dracula","horror","https://en.wikipedia.org/wiki/Bram_Stoker%27s_Dracula_(1992_film)"
"253","Interview with the Vampire: The Vampire Chronicles","horror","https://en.wikipedia.org/wiki/Interview_with_the_Vampire_(film)"
"254","Annabelle Comes Home","horror","https://en.wikipedia.org/wiki/Annabelle_Comes_Home"
"255","Alien: Covenant","horror","https://en.wikipedia.org/wiki/Alien:_Covenant"
"256","The Ring","horror","https://en.wikipedia.org/wiki/Ring_(film)"
"257","The Blair Witch Project","horror","https://en.wikipedia.org/wiki/The_Blair_Witch_Project"
"258","Halloween","horror","https://en.wikipedia.org/wiki/Halloween_(2018_film)"
"259","Annabelle","horror","https://en.wikipedia.org/wiki/Annabelle_(film)"
"260","Split","horror","https://en.wikipedia.org/wiki/Split_(2016_American_film)"
"261","Resident Evil: Afterlife","horror","https://en.wikipedia.org/wiki/Resident_Evil:_Afterlife"
"262","Annabelle: Creation","horror","https://en.wikipedia.org/wiki/Annabelle:_Creation"
"263","Get Out","horror","https://en.wikipedia.org/wiki/Get_Out"
"264","The Exorcist","horror","https://en.wikipedia.org/wiki/The_Exorcist_(film)"
"265","The Conjuring","horror","https://en.wikipedia.org/wiki/The_Conjuring"
"266","The Wolfman","horror","https://en.wikipedia.org/wiki/The_Wolfman_(2010_film)"
"267","Jaws","horror","https://en.wikipedia.org/wiki/Jaws_(film)"
"268","It: Chapter Two","horror","https://en.wikipedia.org/wiki/It_Chapter_Two"
"269","Jaws 2","horror","https://en.wikipedia.org/wiki/Jaws_2"
"270","The Nun","horror","https://en.wikipedia.org/wiki/The_Nun_(2018_film)"
"271","Hannibal","horror","https://en.wikipedia.org/wiki/Hannibal_(2001_film)"
"272","The Others","horror","https://en.wikipedia.org/wiki/The_Others_(2001_film)"
"273","Final Destination","horror","https://en.wikipedia.org/wiki/Final_Destination_(film)"
"274","The Conjuring 2: The Enfield Poltergeist","horror","https://en.wikipedia.org/wiki/The_Conjuring_2"
"275","I am Legend","horror","https://en.wikipedia.org/wiki/I_Am_Legend_(film)"
"276","A Quiet Place","horror","https://en.wikipedia.org/wiki/A_Quiet_Place_(film)"
"277","Sleepy Hollow","horror","https://en.wikipedia.org/wiki/Sleepy_Hollow_(film)"
"278","Scream 2","horror","https://en.wikipedia.org/wiki/Scream_2"
"279","Lights Out","horror","https://en.wikipedia.org/wiki/Lights_Out_(2016_film)"
"280","Saw II","horror","https://en.wikipedia.org/wiki/Saw_II"
"281","Final Destination 5","horror","https://en.wikipedia.org/wiki/Final_Destination_5"
"282","Goosebumps","horror","https://en.wikipedia.org/wiki/Goosebumps_(film)"
"283","Mama","horror","https://en.wikipedia.org/wiki/Mama_(2013_film)"
"284","Scream 3","horror","https://en.wikipedia.org/wiki/Scream_3"
"285","The Ring Two","horror","https://en.wikipedia.org/wiki/The_Ring_Two"
"286","Saw III","horror","https://en.wikipedia.org/wiki/Saw_III"
"287","AVP: Alien Vs. Predator","horror","https://en.wikipedia.org/wiki/Alien_vs._Predator_(film)"
"288","Insidious Chapter 2","horror","https://en.wikipedia.org/wiki/Insidious:_Chapter_2"
"289","Insidious: The Last Key","horror","https://en.wikipedia.org/wiki/Insidious:_The_Last_Key"
"290","Scream","horror","https://en.wikipedia.org/wiki/Scream_(1996_film)"
"291","Paranormal Activity 2","horror","https://en.wikipedia.org/wiki/Paranormal_Activity_2"
"292","Paranormal Activity 4","horror","https://en.wikipedia.org/wiki/Paranormal_Activity_4"
"293","The Haunting","horror","https://en.wikipedia.org/wiki/The_Haunting_(1999_film)"
"294","The Grudge","horror","https://en.wikipedia.org/wiki/The_Grudge"
"295","The Final Destination","horror","https://en.wikipedia.org/wiki/The_Final_Destination"
"296","Hollow Man","horror","https://en.wikipedia.org/wiki/Hollow_Man"
"297","Paranormal Activity","horror","https://en.wikipedia.org/wiki/Paranormal_Activity"
"298","Paranormal Activity 3","horror","https://en.wikipedia.org/wiki/Paranormal_Activity_3"
"299","Alien","horror","https://en.wikipedia.org/wiki/Alien_(film)"
"300","Rock of Ages","musical","https://en.wikipedia.org/wiki/Rock_of_Ages_(2012_film)"
"301","Cats","musical","https://en.wikipedia.org/wiki/Cats_(2019_film)"
"302","Mary Poppins","musical","https://en.wikipedia.org/wiki/Mary_Poppins_(film)"
"303","Secret Superstar","musical","https://en.wikipedia.org/wiki/Secret_Superstar"
"304","Staying Alive","musical","https://en.wikipedia.org/wiki/Staying_Alive_(1983_film)"
"305","My Fair Lady","musical","https://en.wikipedia.org/wiki/My_Fair_Lady_(film)"
"306","Fantasia","musical","https://en.wikipedia.org/wiki/Fantasia_(1940_film)"
"307","Fantasia 2000 (Theatrical Release)","musical","https://en.wikipedia.org/wiki/Fantasia_2000"
"308","West Side Story","musical","https://en.wikipedia.org/wiki/West_Side_Story_(1961_film)"
"309","Annie","musical","https://en.wikipedia.org/wiki/Annie_(1982_film)"
"310","Nine","musical","https://en.wikipedia.org/wiki/Nine_(2009_live-action_film)"
"311","The Aristocats","musical","https://en.wikipedia.org/wiki/The_Aristocats"
"312","Bareilly Ki Barfi","musical","https://en.wikipedia.org/wiki/Bareilly_Ki_Barfi"
"313","Dancer in the Dark","musical","https://en.wikipedia.org/wiki/Dancer_in_the_Dark"
"314","Annie","musical","https://en.wikipedia.org/wiki/Annie_(2014_film)"
"315","The Nightmare Before Christmas","musical","https://en.wikipedia.org/wiki/The_Nightmare_Before_Christmas"
"316","The Jungle Book","musical","https://en.wikipedia.org/wiki/The_Jungle_Book_(1967_film)"
"317","Fiddler on the Roof","musical","https://en.wikipedia.org/wiki/Fiddler_on_the_Roof_(film)"
"318","Yentl","musical","https://en.wikipedia.org/wiki/Yentl_(film)"
"319","The Blues Brothers","musical","https://en.wikipedia.org/wiki/The_Blues_Brothers_(film)"
"320","Fame","musical","https://en.wikipedia.org/wiki/Fame_(1980_film)"
"321","Hairspray","musical","https://en.wikipedia.org/wiki/Hairspray_(2007_film)"
"322","Chicago","musical","https://en.wikipedia.org/wiki/Chicago_(2002_film)"
"323","Mamma Mia!","musical","https://en.wikipedia.org/wiki/Mamma_Mia!_(film)"
"324","The Sapphires","musical","https://en.wikipedia.org/wiki/The_Sapphires_(film)"
"325","La La Land","musical","https://en.wikipedia.org/wiki/La_La_Land"
"326","The Greatest Showman","musical","https://en.wikipedia.org/wiki/The_Greatest_Showman"
"327","Beauty and the Beast","musical","https://en.wikipedia.org/wiki/Beauty_and_the_Beast_(1991_film)"
"328","Les Misérables","musical","https://en.wikipedia.org/wiki/Les_Mis%C3%A9rables_(2012_film)"
"329","Mamma Mia: Here We Go Again!","musical","https://en.wikipedia.org/wiki/Mamma_Mia!_Here_We_Go_Again"
"330","Grease","musical","https://en.wikipedia.org/wiki/Grease_(film)"
"331","8 femmes","musical","https://en.wikipedia.org/wiki/8_Women"
"332","The Sound of Music","musical","https://en.wikipedia.org/wiki/The_Sound_of_Music_(film)"
"333","High School Musical 3: Senior Year","musical","https://en.wikipedia.org/wiki/High_School_Musical_3:_Senior_Year"
"334","Cinderella","musical","https://en.wikipedia.org/wiki/Cinderella_(1950_film)"
"335","Into the Woods","musical","https://en.wikipedia.org/wiki/Into_the_Woods_(film)"
"336","Snow White and the Seven Dwarfs","musical","https://en.wikipedia.org/wiki/Snow_White_and_the_Seven_Dwarfs_(1937_film)"
"337","Moulin Rouge","musical","https://en.wikipedia.org/wiki/Moulin_Rouge!"
"338","Dreamgirls","musical","https://en.wikipedia.org/wiki/Dreamgirls_(film)"
"339","The Phantom of the Opera","musical","https://en.wikipedia.org/wiki/The_Phantom_of_the_Opera_(2004_film)"
"340","Evita","musical","https://en.wikipedia.org/wiki/Evita_(1996_film)"
"341","Beauty and the Beast","musical","https://en.wikipedia.org/wiki/Beauty_and_the_Beast_(2017_film)"
"342","Footloose","musical","https://en.wikipedia.org/wiki/Footloose_(1984_film)"
"343","Sweeney Todd: The Demon Barber of Fleet Street","musical","https://en.wikipedia.org/wiki/Sweeney_Todd:_The_Demon_Barber_of_Fleet_Street_(2007_film)"
"344","Footloose","musical","https://en.wikipedia.org/wiki/Footloose_(2011_film)"
"345","Across the Universe","musical","https://en.wikipedia.org/wiki/Across_the_Universe_(film)"
"346","Anastasia","musical","https://en.wikipedia.org/wiki/Anastasia_(1997_film)"
"347","Everyone Says I Love You","musical","https://en.wikipedia.org/wiki/Everyone_Says_I_Love_You"
"348","Little Voice","musical","https://en.wikipedia.org/wiki/Little_Voice_(film)"
"349","Les Triplettes de Belleville","musical","https://en.wikipedia.org/wiki/The_Triplets_of_Belleville"
"350","Dance With Me","musical","https://en.wikipedia.org/wiki/Dance_with_Me_(1998_film)"
"351","Breakin' 2: Electric Boogaloo","musical","https://en.wikipedia.org/wiki/Breakin%27_2:_Electric_Boogaloo"
"352","The Music Man","musical","https://en.wikipedia.org/wiki/The_Music_Man_(1962_film)"
"353","Dostana","musical","https://en.wikipedia.org/wiki/Dostana_(2008_film)"
"354","Grease 2","musical","https://en.wikipedia.org/wiki/Grease_2"
"355","A Chorus Line","musical","https://en.wikipedia.org/wiki/A_Chorus_Line_(film)"
"356","The Wizard of Oz","musical","https://en.wikipedia.org/wiki/The_Wizard_of_Oz_(1939_film)"
"357","Meet Me in St. Louis","musical","https://en.wikipedia.org/wiki/Meet_Me_in_St._Louis"
"358","Bye Bye Birdie","musical","https://en.wikipedia.org/wiki/Bye_Bye_Birdie_(1963_film)"
"359","Idlewild","musical","https://en.wikipedia.org/wiki/Idlewild_(film)"
"360","Help!","musical","https://en.wikipedia.org/wiki/The_Help_(film)"
"361","The King and I","musical","https://en.wikipedia.org/wiki/The_King_and_I_(1956_film)"
"362","Fame","musical","https://en.wikipedia.org/wiki/Fame_(2009_film)"
"363","Gentlemen Prefer Blondes","musical","https://en.wikipedia.org/wiki/Gentlemen_Prefer_Blondes_(1953_film)"
"364","Shigatsu wa kimi no uso","musical","https://en.wikipedia.org/wiki/Your_Lie_in_April_(film)"
"365","The Nutcracker in 3D","musical","https://en.wikipedia.org/wiki/The_Nutcracker_in_3D"
"366","The Legend of 1900","musical","https://en.wikipedia.org/wiki/The_Legend_of_1900"
"367","Sing Street","musical","https://en.wikipedia.org/wiki/Sing_Street"
"368","Blue Skies","musical","https://en.wikipedia.org/wiki/Blue_Skies_(1946_film)"
"369","Bedknobs and Broomsticks","musical","https://en.wikipedia.org/wiki/Bedknobs_and_Broomsticks"
"370","New York, New York","musical","https://en.wikipedia.org/wiki/New_York,_New_York_(1977_film)"
"371","Breakin'","musical","https://en.wikipedia.org/wiki/Breakin%27"
"372","Little Shop of Horrors","musical","https://en.wikipedia.org/wiki/Little_Shop_of_Horrors_(film)"
"373","Golmaal Again","musical","https://en.wikipedia.org/wiki/Golmaal_Again"
"374","Hello, Dolly","musical","https://en.wikipedia.org/wiki/Hello,_Dolly!_(film)"
"375","The Producers: The Movie Musical","musical","https://en.wikipedia.org/wiki/The_Producers_(musical)"
"376","Paint Your Wagon","musical","https://en.wikipedia.org/wiki/Paint_Your_Wagon_(film)"
"377","Rent","musical","https://en.wikipedia.org/wiki/Rent_(film)"
"378","Joyful Noise","musical","https://en.wikipedia.org/wiki/Joyful_Noise_(film)"
"379","White Christmas","musical","https://en.wikipedia.org/wiki/White_Christmas_(film)"
"380","Cirque du Soleil - Journey of Man","musical","https://en.wikipedia.org/wiki/Paramour_(Cirque_du_Soleil)"
"381","Oliver!","musical","https://en.wikipedia.org/wiki/Oliver!_(film)"
"382","Cabaret","musical","https://en.wikipedia.org/wiki/Cabaret_(1972_film)"
"383","Jesus Christ Superstar","musical","https://en.wikipedia.org/wiki/Jesus_Christ_Superstar_(film)"
"384","Bride & Prejudice","musical","https://en.wikipedia.org/wiki/Bride_and_Prejudice"
"385","Thumbelina","musical","https://en.wikipedia.org/wiki/Thumbelina_(1994_film)"
"386","Camelot","musical","https://en.wikipedia.org/wiki/Camelot_(film)"
"387","The Wiz","musical","https://en.wikipedia.org/wiki/The_Wiz_(film)"
"388","This is the Army","musical","https://en.wikipedia.org/wiki/This_Is_the_Army"
"389","Xanadu","musical","https://en.wikipedia.org/wiki/Xanadu_(film)"
"390","Hum Aapke Hain Kaun...!","musical","https://en.wikipedia.org/wiki/Hum_Aapke_Hain_Koun..!"
"391","Eight Crazy Nights","musical","https://en.wikipedia.org/wiki/Eight_Crazy_Nights"
"392","Victor/Victoria","musical","https://en.wikipedia.org/wiki/Victor/Victoria"
"393","Fantastic Beasts: The Crimes of Grindelwald","fantasy","https://en.wikipedia.org/wiki/Fantastic_Beasts:_The_Crimes_of_Grindelwald"
"394","The Mummy","fantasy","https://en.wikipedia.org/wiki/The_Mummy_(2017_film)"
"395","The Chronicles of Narnia: Prince Caspian","fantasy","https://en.wikipedia.org/wiki/The_Chronicles_of_Narnia:_Prince_Caspian"
"396","Aladdin","fantasy","https://en.wikipedia.org/wiki/Aladdin_(2019_film)"
"397","Harry Potter and the Deathly Hallows: Part II","fantasy","https://en.wikipedia.org/wiki/Harry_Potter_and_the_Deathly_Hallows_%E2%80%93_Part_2"
"398","The Twilight Saga: New Moon","fantasy","https://en.wikipedia.org/wiki/The_Twilight_Saga:_New_Moon"
"399","The Sixth Sense","fantasy","https://en.wikipedia.org/wiki/The_Sixth_Sense"
"400","Pirates of the Caribbean: The Curse of the Blac…","fantasy","https://en.wikipedia.org/wiki/Pirates_of_the_Caribbean:_The_Curse_of_the_Black_Pearl"
"401","Life of Pi","fantasy","https://en.wikipedia.org/wiki/Life_of_Pi_(film)"
"402","Beauty and the Beast","fantasy","https://en.wikipedia.org/wiki/Beauty_and_the_Beast_(musical)"
"403","King Kong","fantasy","https://en.wikipedia.org/wiki/King_Kong_(2005_film)"
"404","Cinderella","fantasy","https://en.wikipedia.org/wiki/Cinderella_(2015_Disney_film)"
"405","Aladdin","fantasy","https://en.wikipedia.org/wiki/Aladdin_(1992_Disney_film)"
"406","How to Train Your Dragon","fantasy","https://en.wikipedia.org/wiki/How_to_Train_Your_Dragon_(film)"
"407","Clash of the Titans","fantasy","https://en.wikipedia.org/wiki/Clash_of_the_Titans_(2010_film)"
"408","Oz the Great and Powerful","fantasy","https://en.wikipedia.org/wiki/Oz_the_Great_and_Powerful"
"409","Maleficent: Mistress of Evil","fantasy","https://en.wikipedia.org/wiki/Maleficent:_Mistress_of_Evil"
"410","Indiana Jones and the Last Crusade","fantasy","https://en.wikipedia.org/wiki/Indiana_Jones_and_the_Last_Crusade"
"411","Warcraft","fantasy","https://en.wikipedia.org/wiki/Warcraft_(film)"
"412","How to Train Your Dragon 2","fantasy","https://en.wikipedia.org/wiki/How_to_Train_Your_Dragon_2"
"413","The Twilight Saga: Breaking Dawn, Part 1","fantasy","https://en.wikipedia.org/wiki/The_Twilight_Saga:_Breaking_Dawn_%E2%80%93_Part_1"
"414","The Twilight Saga: Eclipse","fantasy","https://en.wikipedia.org/wiki/The_Twilight_Saga:_Eclipse"
"415","Pirates of the Caribbean: Dead Men Tell No Tales","fantasy","https://en.wikipedia.org/wiki/Pirates_of_the_Caribbean:_Dead_Men_Tell_No_Tales"
"416","The Mummy Returns","fantasy","https://en.wikipedia.org/wiki/The_Mummy_Returns"
"417","Ne Zha Zhi Mo Tong Jiang Shi","fantasy","https://en.wikipedia.org/wiki/Ne_Zha_(2019_film)"
"418","Pirates of the Caribbean: On Stranger Tides","fantasy","https://en.wikipedia.org/wiki/Pirates_of_the_Caribbean:_On_Stranger_Tides"
"419","Alice in Wonderland","fantasy","https://en.wikipedia.org/wiki/Alice_in_Wonderland_(2010_film)"
"420","The Hobbit: An Unexpected Journey","fantasy","https://en.wikipedia.org/wiki/The_Hobbit:_An_Unexpected_Journey"
"421","Harry Potter and the Sorcerer’s Stone","fantasy","https://en.wikipedia.org/wiki/Harry_Potter_and_the_Philosopher%27s_Stone_(film)"
"422","The Jungle Book","fantasy","https://en.wikipedia.org/wiki/The_Jungle_Book_(2016_film)"
"423","Harry Potter and the Deathly Hallows: Part I","fantasy","https://en.wikipedia.org/wiki/Harry_Potter_and_the_Deathly_Hallows_%E2%80%93_Part_1"
"424","The Hobbit: The Desolation of Smaug","fantasy","https://en.wikipedia.org/wiki/The_Hobbit:_The_Desolation_of_Smaug"
"425","Maleficent","fantasy","https://en.wikipedia.org/wiki/Maleficent_(film)"
"426","The Hobbit: The Battle of the Five Armies","fantasy","https://en.wikipedia.org/wiki/The_Hobbit:_The_Battle_of_the_Five_Armies"
"427","The Chronicles of Narnia: The Lion, the Witch a…","fantasy","https://en.wikipedia.org/wiki/The_Chronicles_of_Narnia:_The_Lion,_the_Witch_and_the_Wardrobe"
"428","The Lord of the Rings: The Two Towers","fantasy","https://en.wikipedia.org/wiki/The_Lord_of_the_Rings:_The_Two_Towers"
"429","Harry Potter and the Goblet of Fire","fantasy","https://en.wikipedia.org/wiki/Harry_Potter_and_the_Goblet_of_Fire_(film)"
"430","The Lord of the Rings: The Fellowship of the Ring","fantasy","https://en.wikipedia.org/wiki/The_Lord_of_the_Rings:_The_Fellowship_of_the_Ring"
"431","Ice Age: Continental Drift","fantasy","https://en.wikipedia.org/wiki/Ice_Age:_Continental_Drift"
"432","Harry Potter and the Chamber of Secrets","fantasy","https://en.wikipedia.org/wiki/Harry_Potter_and_the_Chamber_of_Secrets_(film)"
"433","The Twilight Saga: Breaking Dawn, Part 2","fantasy","https://en.wikipedia.org/wiki/The_Twilight_Saga:_Breaking_Dawn_%E2%80%93_Part_2"
"434","Fantastic Beasts and Where to Find Them","fantasy","https://en.wikipedia.org/wiki/Fantastic_Beasts_and_Where_to_Find_Them_(film)"
"435","Harry Potter and the Prisoner of Azkaban","fantasy","https://en.wikipedia.org/wiki/Harry_Potter_and_the_Prisoner_of_Azkaban_(film)"
"436","Harry Potter and the Half-Blood Prince","fantasy","https://en.wikipedia.org/wiki/Harry_Potter_and_the_Half-Blood_Prince_(film)"
"437","The Chronicles of Narnia: The Voyage of the Daw…","fantasy","https://en.wikipedia.org/wiki/The_Chronicles_of_Narnia:_The_Voyage_of_the_Dawn_Treader"
"438","Sen to Chihiro no Kamikakushi","fantasy","https://en.wikipedia.org/wiki/Spirited_Away"
"439","Eragon","fantasy","https://en.wikipedia.org/wiki/Eragon_(film)"
"440","Ted 2","fantasy","https://en.wikipedia.org/wiki/Ted_2"
"441","Snow White and the Huntsman","fantasy","https://en.wikipedia.org/wiki/Snow_White_and_the_Huntsman"
"442","Dark Shadows","fantasy","https://en.wikipedia.org/wiki/Dark_Shadows_(film)"
"443","Click","fantasy","https://en.wikipedia.org/wiki/Click_(2006_film)"
"444","Gulliver's Travels","fantasy","https://en.wikipedia.org/wiki/Gulliver%27s_Travels_(2010_film)"
"445","Percy Jackson & the Olympians: The Lightning Thief","fantasy","https://en.wikipedia.org/wiki/Percy_Jackson_%26_the_Olympians:_The_Lightning_Thief"
"446","Bedtime Stories","fantasy","https://en.wikipedia.org/wiki/Bedtime_Stories_(film)"
"447","Dracula Untold","fantasy","https://en.wikipedia.org/wiki/Dracula_Untold"
"448","The Sorcerer's Apprentice","fantasy","https://en.wikipedia.org/wiki/The_Sorcerer%27s_Apprentice_(2010_film)"
"449","Dolittle","fantasy","https://en.wikipedia.org/wiki/Dolittle_(film)"
"450","Crouching Tiger, Hidden Dragon","fantasy","https://en.wikipedia.org/wiki/Crouching_Tiger,_Hidden_Dragon"
"451","City of Angels","fantasy","https://en.wikipedia.org/wiki/City_of_Angels_(film)"
"452","Percy Jackson: Sea of Monsters","fantasy","https://en.wikipedia.org/wiki/Percy_Jackson:_Sea_of_Monsters"
"453","Jack the Giant Slayer","fantasy","https://en.wikipedia.org/wiki/Jack_the_Giant_Slayer"
"454","Xi you xiang mo pian","fantasy","https://en.wikipedia.org/wiki/Journey_to_the_West:_Conquering_the_Demons"
"455","Immortals","fantasy","https://en.wikipedia.org/wiki/Immortals_(2011_film)"
"456","End of Days","fantasy","https://en.wikipedia.org/wiki/End_of_Days_(film)"
"457","Beowulf","fantasy","https://en.wikipedia.org/wiki/Beowulf_(2007_film)"
"458","Harry Potter and the Order of the Phoenix","fantasy","https://en.wikipedia.org/wiki/Harry_Potter_and_the_Order_of_the_Phoenix_(film)"
"459","Hercules","fantasy","https://en.wikipedia.org/wiki/Hercules_(2014_film)"
"460","Cinderella","fantasy","https://en.wikipedia.org/wiki/Cinderella_(1997_film)"
"461","The Ghouls","fantasy","https://en.wikipedia.org/wiki/Tokyo_Ghoul_(film)"
"462","Twilight","fantasy","https://en.wikipedia.org/wiki/Twilight_(2008_film)"
"463","The Lord of the Rings: The Return of the King","fantasy","https://en.wikipedia.org/wiki/The_Lord_of_the_Rings:_The_Return_of_the_King"
"464","The Last Airbender","fantasy","https://en.wikipedia.org/wiki/The_Last_Airbender"
"465","Jumanji","fantasy","https://en.wikipedia.org/wiki/Jumanji"
"466","The Golden Compass","fantasy","https://en.wikipedia.org/wiki/The_Golden_Compass_(film)"
"467","A Bug's Life","fantasy","https://en.wikipedia.org/wiki/A_Bug%27s_Life"
"468","Zhuo yao ji","fantasy","https://en.wikipedia.org/wiki/Monster_Hunt"
"469","Kimi no na wa","fantasy","https://en.wikipedia.org/wiki/Your_Name"
"470","Night at the Museum: Secret of the Tomb","fantasy","https://en.wikipedia.org/wiki/Night_at_the_Museum:_Secret_of_the_Tomb"
"471","Who Framed Roger Rabbit?","fantasy","https://en.wikipedia.org/wiki/Who_Framed_Roger_Rabbit"
"472","Up","fantasy","https://en.wikipedia.org/wiki/Up_(2009_film)"
"473","Enchanted","fantasy","https://en.wikipedia.org/wiki/Enchanted_(film)"
"474","The Curious Case of Benjamin Button","fantasy","https://en.wikipedia.org/wiki/The_Curious_Case_of_Benjamin_Button_(film)"
"475","Journey 2: The Mysterious Island","fantasy","https://en.wikipedia.org/wiki/Journey_2:_The_Mysterious_Island"
"476","Night at the Museum: Battle of the Smithsonian","fantasy","https://en.wikipedia.org/wiki/Night_at_the_Museum:_Battle_of_the_Smithsonian"
"477","Disney’s A Christmas Carol","fantasy","https://en.wikipedia.org/wiki/A_Christmas_Carol_(2009_film)"
"478","Wrath of the Titans","fantasy","https://en.wikipedia.org/wiki/Wrath_of_the_Titans"
"479","Horton Hears a Who","fantasy","https://en.wikipedia.org/wiki/Horton_Hears_a_Who!_(film)"
"480","Miss Peregrine’s Home for Peculiar Children","fantasy","https://en.wikipedia.org/wiki/Miss_Peregrine%27s_Home_for_Peculiar_Children_(film)"
"481","The Green Mile","fantasy","https://en.wikipedia.org/wiki/The_Green_Mile_(film)"
"482","Alice Through the Looking Glass","fantasy","https://en.wikipedia.org/wiki/Alice_Through_the_Looking_Glass_(2016_film)"
"483","Prince of Persia: Sands of Time","fantasy","https://en.wikipedia.org/wiki/Prince_of_Persia:_The_Sands_of_Time_(film)"
"484","The Mummy: Tomb of the Dragon Emperor","fantasy","https://en.wikipedia.org/wiki/The_Mummy:_Tomb_of_the_Dragon_Emperor"
